word,mean_RT,acc,N_corr,N_wrg,Length(N_letters),NSyll,OLD,raw_KF,raw_CELEX,raw_BNC,raw_COCA,raw_ANC,raw_SUBTLEX-UK,raw_SUBTLEX-US,raw_HAL,raw_Worldlex,raw_Usenet,raw_BlogFreq,raw_TwitterFreq,raw_NewsFreq,raw_GB_AmE,raw_GB_BrE,zipf_KF,zipf_Celex,zipf_BNC,zipf_COCA,zipf_ANC,zipf_SUBTLEX-UK,zipf_SUBTLEX-US,zipf_HAL,zipf_USENET,zipf_WorldLex,zipf_Blog,zipf_Twitter,zipf_News,zipf_GB_AmE,zipf_GB_BrE,subj_Freq_ratings
absolute,789.49,1,72,0,8,3,2.9,30,755,3499,12054,747,8331,577,16840,2182,266286,1292,527,363,6918237,2217004,4.46,4.61,4.54,4.36,4.52,4.62,4.05,4.58,4.53,4.32,4.53,4.23,4.01,4.65,4.81,4.94
accrue,879.79,0.403,29,43,6,2,2.65,0,28,200,625,36,56,4,611,48,4591,18,6,24,315087,96599,2.97,3.19,3.3,3.08,3.22,2.45,1.99,3.14,2.77,2.67,2.69,2.35,2.85,3.31,3.45,2.06
acid,792.83,0.889,64,8,4,2,1.7,13,385,4968,10139,2138,2075,508,13610,1137,99465,598,195,344,16830337,4681785,4.12,4.32,4.69,4.29,4.98,4.01,4,4.49,4.11,4.03,4.19,3.8,3.99,5.04,5.14,3.49
admiral,997,0.389,28,44,7,3,2.5,0,86,705,4126,68,748,845,4919,270,27634,109,57,104,576438,342515,2.97,3.67,3.84,3.9,3.49,3.57,4.22,4.05,3.55,3.41,3.46,3.27,3.47,3.57,4,2.63
affair,715.1,0.931,67,5,6,2,2.55,33,699,3304,12302,682,3986,1502,5294,1802,71790,812,228,762,3246289,1193256,4.5,4.57,4.51,4.37,4.48,4.3,4.47,4.08,3.96,4.23,4.33,3.86,4.33,4.32,4.55,4.6
again,608.52,1,72,0,5,2,1.95,578,13783,56231,270583,8244,138518,40428,249680,60208,2959441,26395,22720,11093,51394224,17505833,5.74,5.87,5.75,5.71,5.57,5.84,5.9,5.75,5.58,5.76,5.84,5.86,5.49,5.52,5.71,6.2
against,683.7,0.972,70,2,7,2,2.9,626,10509,56208,263616,9487,67722,10288,172615,40705,3703134,12193,5171,23341,65531128,23087219,5.77,5.75,5.75,5.7,5.63,5.53,5.3,5.59,5.68,5.59,5.5,5.22,5.82,5.63,5.83,6.11
agreed,689.81,0.889,64,8,6,2,2.1,81,1760,14692,39516,1468,11884,1832,21890,8380,336229,1751,2702,3927,8199995,2811185,4.89,4.98,5.16,4.88,4.82,4.77,4.55,4.7,4.64,4.9,4.66,4.94,5.04,4.72,4.92,5.43
allowed,670.36,1,72,0,7,2,1.85,86,2370,14345,52767,2244,19422,2286,44517,10280,591638,3630,1297,5353,12628796,4705732,4.91,5.1,5.15,5,5,4.98,4.65,5,4.88,4.99,4.97,4.62,5.18,4.91,5.14,4.97
amazement,894.27,0.903,65,7,9,3,3.05,10,179,505,2061,44,250,36,1163,174,8694,120,18,36,686034,217854,4.01,3.98,3.7,3.6,3.3,3.1,2.86,3.42,3.05,3.22,3.5,2.78,3.02,3.65,3.81,4.14
American,701.35,1,72,0,8,4,2.5,569,4392,16372,278415,10314,22027,5213,119723,25309,2407751,7894,4770,12645,62336597,7337753,5.73,5.37,5.21,5.73,5.66,5.04,5.01,5.43,5.49,5.38,5.31,5.18,5.55,5.6,5.33,6.31
analysis,787.34,0.986,71,1,8,4,2.7,108,1101,13240,65367,8458,2844,563,47575,3571,1257398,1245,641,1685,18993743,4912078,5.01,4.77,5.12,5.1,5.58,4.15,4.04,5.03,5.21,4.53,4.51,4.31,4.68,5.09,5.16,4.66
anchor,892.5,0.639,46,26,6,2,2.35,15,113,601,11897,178,949,378,2766,1138,34940,320,249,569,1296245,474584,4.18,3.79,3.78,4.36,3.9,3.67,3.87,3.8,3.65,4.04,3.92,3.9,4.21,3.92,4.14,2.46
angriest,1154.8,0.639,46,26,8,3,3,1,4,4,152,5,29,8,42,17,553,6,4,7,8818,2096,3.27,2.43,1.69,2.47,2.43,2.17,2.25,1.99,1.85,2.23,2.26,2.2,2.35,1.76,1.79,2.43
announces,923.49,0.944,68,4,9,3,2.85,3,56,322,2616,106,375,58,3448,739,30474,136,438,165,452522,123350,3.57,3.49,3.5,3.7,3.68,3.27,3.06,3.89,3.59,3.85,3.55,4.15,3.67,3.47,3.56,4.71
another,654.08,0.986,71,1,7,3,2.55,683,12551,58188,330923,12281,124464,25970,286263,67077,3182276,27962,16893,22222,62281509,19552536,5.81,5.83,5.76,5.8,5.74,5.79,5.71,5.81,5.61,5.81,5.86,5.73,5.8,5.6,5.76,6.09
arisen,945.65,0.889,64,8,6,3,2,4,107,718,1227,78,262,11,880,93,8650,49,9,35,1052259,498627,3.67,3.76,3.85,3.37,3.55,3.12,2.37,3.3,3.05,2.95,3.11,2.5,3.01,3.83,4.17,3.23
ashes,838.35,0.722,52,20,5,2,1.65,6,180,538,3511,98,1365,503,4878,566,23921,291,124,151,1350709,492650,3.82,3.99,3.73,3.83,3.65,3.83,3.99,4.04,3.49,3.73,3.88,3.6,3.63,3.94,4.16,3.23
assign,828.12,0.833,60,12,6,2,2.35,18,44,381,2418,192,77,138,6449,280,55191,132,53,95,1289536,337304,4.25,3.38,3.58,3.67,3.94,2.59,3.43,4.17,3.85,3.43,3.54,3.24,3.43,3.92,4,3.77
atmosphere,849.97,0.986,71,1,10,3,4.15,79,950,4849,18813,632,7346,493,10109,2397,119336,1019,322,1056,5243626,1620270,4.88,4.71,4.68,4.56,4.45,4.56,3.99,4.36,4.19,4.36,4.42,4.01,4.47,4.53,4.68,4.8
attempt,701.27,1,72,0,7,2,2.8,95,1813,11432,33421,1414,8037,975,41637,5894,817426,2828,712,2354,13366461,4551415,4.96,4.99,5.05,4.81,4.8,4.6,4.28,4.98,5.02,4.75,4.87,4.36,4.82,4.94,5.13,5.17
autonomous,1125.89,0.722,52,20,10,4,4.45,0,153,1112,3346,361,166,11,2059,149,42284,75,12,62,951331,302281,2.97,3.92,4.04,3.81,4.21,2.92,2.37,3.67,3.74,3.15,3.3,2.62,3.25,3.79,3.95,3.86
available,772.9,0.972,70,2,9,4,3.15,245,2468,27184,85404,4711,13484,1323,326758,17661,1701831,6269,4070,7322,21269631,4865567,5.36,5.12,5.43,5.21,5.32,4.83,4.41,5.87,5.34,5.23,5.21,5.11,5.31,5.14,5.16,5.51
avoid,658.51,0.972,70,2,5,2,2,58,1348,7973,40049,1619,8837,1239,45327,6938,597627,2623,1422,2893,9275076,2577071,4.74,4.86,4.9,4.88,4.86,4.64,4.39,5.01,4.89,4.82,4.83,4.66,4.91,4.78,4.88,5.2
away,662.77,0.972,70,2,4,2,1.85,456,12155,38747,259070,7012,139294,37276,150815,46881,1781826,20704,13621,12556,42921087,13365895,5.63,5.81,5.58,5.7,5.5,5.84,5.86,5.53,5.36,5.65,5.73,5.64,5.55,5.44,5.59,6.51
awkward,750,0.972,70,2,7,2,2.85,11,356,1577,7008,250,3128,730,2521,4533,25513,872,3297,364,1111336,369711,4.05,4.28,4.19,4.13,4.05,4.19,4.16,3.76,3.52,4.64,4.36,5.02,4.01,3.86,4.04,4.89
babies,734.68,0.986,71,1,6,2,1.9,12,1339,2449,16562,521,6166,1704,8483,3923,135638,1956,1233,734,1700563,360150,4.09,4.86,4.38,4.5,4.37,4.49,4.52,4.28,4.24,4.57,4.71,4.6,4.32,4.04,4.02,4.97
balconies,1145.7,0.597,43,29,9,3,3.6,2,41,187,854,70,107,23,88,104,2016,37,11,56,191309,63914,3.45,3.35,3.27,3.21,3.5,2.73,2.67,2.31,2.41,3,2.99,2.58,3.21,3.09,3.27,3.49
bank,621.03,1,72,0,4,1,1.05,83,2385,17932,58438,2122,38406,4334,39506,10907,648811,2554,1590,6763,9159301,2392282,4.9,5.11,5.25,5.05,4.98,5.28,4.93,4.95,4.92,5.02,4.82,4.71,5.28,4.77,4.85,4.94
being,657.99,0.972,70,2,5,2,1.8,712,15543,89068,354734,15279,159660,24781,362268,85054,4809194,38742,23545,22767,94979474,40187065,5.83,5.92,5.95,5.83,5.83,5.9,5.69,5.92,5.79,5.91,6,5.88,5.81,5.79,6.07,5.77
best,647.24,1,72,0,4,1,1,351,6187,34905,220888,8563,122338,20623,269708,78407,2568964,22481,36356,19570,40362051,12627235,5.52,5.52,5.54,5.63,5.58,5.78,5.61,5.79,5.52,5.87,5.77,6.07,5.74,5.42,5.57,6.31
bill,709.36,0.986,71,1,4,1,1.05,143,970,13743,126130,5230,24845,6041,116919,19457,1221863,3372,3264,12821,7804822,1698644,5.13,4.72,5.13,5.38,5.37,5.09,5.07,5.42,5.2,5.27,4.94,5.02,5.56,4.7,4.7,4.86
bleak,887.62,0.653,47,25,5,1,1.8,10,186,877,2901,131,1391,55,723,436,10199,202,61,173,466472,164174,4.01,4,3.94,3.75,3.77,3.84,3.04,3.22,3.12,3.62,3.72,3.3,3.69,3.48,3.68,1.97
boast,707.01,0.986,71,1,5,1,1.55,8,91,460,2018,80,597,54,958,365,19017,166,36,163,904137,453964,3.93,3.69,3.66,3.59,3.56,3.47,3.03,3.34,3.39,3.54,3.64,3.07,3.66,3.77,4.13,4.34
body,638.6,1,72,0,4,2,1.7,276,5243,25526,137144,3332,30204,9972,116235,19616,1262333,9681,4782,5153,40987962,12492673,5.42,5.45,5.4,5.42,5.17,5.18,5.29,5.42,5.21,5.27,5.4,5.18,5.16,5.42,5.57,5.57
bombers,984.35,0.403,29,43,7,2,2,22,59,496,3423,153,935,160,1972,333,65944,125,65,143,460055,157248,4.33,3.51,3.69,3.82,3.84,3.67,3.5,3.65,3.93,3.5,3.52,3.32,3.61,3.47,3.66,2.6
box,645.15,0.986,71,1,3,1,1.4,70,1408,8922,53250,2023,26693,4577,171530,10673,656849,5115,2942,2616,9009571,1944389,4.82,4.88,4.95,5.01,4.96,5.12,4.95,5.59,4.93,5.01,5.12,4.97,4.87,4.76,4.76,4.86
bravest,936.05,0.875,63,9,7,2,2.3,1,13,51,321,6,323,87,92,61,2204,28,17,16,214258,93504,3.27,2.88,2.71,2.79,2.49,3.21,3.24,2.32,2.45,2.77,2.88,2.76,2.68,3.14,3.44,3.2
breed,793.2,0.861,62,10,5,1,1.55,17,206,1930,5029,204,3674,323,15241,798,109725,353,180,265,1244322,487360,4.23,4.05,4.28,3.98,3.96,4.26,3.8,4.54,4.15,3.88,3.96,3.76,3.87,3.9,4.16,3.74
broader,865.56,0.931,67,5,7,2,1.95,19,144,1404,12021,391,1096,34,3010,1116,44503,292,61,763,2052104,528424,4.27,3.89,4.14,4.36,4.24,3.74,2.84,3.83,3.76,4.03,3.88,3.3,4.33,4.12,4.19,3.77
bump,851.63,0.736,53,19,4,1,1.45,5,107,448,4034,105,1839,630,2682,1123,29156,323,464,336,255528,50766,3.75,3.76,3.65,3.89,3.67,3.96,4.09,3.78,3.57,4.03,3.93,4.17,3.98,3.22,3.17,3.26
burial,960.13,0.556,40,32,6,2,2.2,11,163,910,3816,140,995,242,1101,463,20022,191,40,232,1328465,566070,4.05,3.94,3.96,3.86,3.8,3.69,3.68,3.4,3.41,3.65,3.7,3.12,3.82,3.93,4.22,2.71
bus,621.29,1,72,0,3,1,1.15,34,1155,5465,27560,956,11117,3783,35778,8409,197887,2309,3574,2526,2537505,748814,4.52,4.79,4.73,4.72,4.63,4.74,4.87,4.91,4.41,4.9,4.78,5.06,4.85,4.21,4.34,5.6
business,680.94,0.958,69,3,8,2,2.6,392,4234,35758,169949,6873,59630,16371,156876,34395,3679061,9162,9065,16168,33660000,7310136,5.57,5.36,5.55,5.51,5.49,5.47,5.51,5.55,5.67,5.52,5.38,5.46,5.66,5.34,5.33,5.74
buy,633.35,1,72,0,3,1,1.3,70,2260,12538,69243,4080,46980,9814,130387,21717,946483,7533,8558,5626,6730450,1536827,4.82,5.08,5.09,5.12,5.26,5.37,5.28,5.47,5.08,5.32,5.29,5.44,5.2,4.64,4.65,5.8
calmer,943.73,0.819,59,13,6,2,1.85,2,31,180,919,35,380,36,315,170,3287,88,27,55,169073,61458,3.45,3.23,3.25,3.25,3.21,3.28,2.86,2.86,2.63,3.21,3.36,2.95,3.2,3.04,3.26,2.46
capable,799.64,0.931,67,5,7,3,2.2,66,961,4944,18136,767,4658,1062,21671,2475,314184,1224,335,916,7342390,2580072,4.8,4.71,4.69,4.54,4.54,4.36,4.32,4.69,4.61,4.37,4.5,4.03,4.41,4.68,4.88,4.89
capture,754.87,0.958,69,3,7,2,2.1,17,213,1400,13049,613,3126,540,10098,1912,134105,954,286,672,2847632,925883,4.23,4.06,4.14,4.4,4.44,4.19,4.02,4.36,4.24,4.26,4.39,3.96,4.28,4.26,4.43,3.71
cart,847.57,0.736,53,19,4,1,1,5,158,992,6969,135,1198,461,5925,1398,38434,529,409,460,1078605,435337,3.75,3.93,3.99,4.13,3.78,3.77,3.96,4.13,3.69,4.12,4.14,4.12,4.11,3.84,4.11,2.57
caught,671.73,0.986,71,1,6,1,2.05,98,1980,8693,49269,1448,18351,4791,22729,8513,330774,3254,2268,2991,6807833,1818245,4.97,5.03,4.93,4.97,4.81,4.96,4.97,4.71,4.63,4.91,4.93,4.86,4.93,4.64,4.73,4.89
characterize,949.7,0.889,64,8,12,4,4.35,6,60,228,3330,228,1,35,1451,124,15582,45,7,72,1015506,168275,3.82,3.51,3.36,3.8,4.01,1,2.85,3.52,3.3,3.08,3.08,2.41,3.31,3.82,3.69,3.69
checks,754.91,0.986,71,1,6,1,1.8,17,200,1207,12644,477,2744,759,26846,2001,165491,428,379,1194,1682690,254633,4.23,4.03,4.08,4.38,4.33,4.13,4.17,4.78,4.33,4.28,4.05,4.08,4.53,4.04,3.87,4.37
children,671.52,0.986,71,1,8,2,3.45,355,11744,46608,296059,8530,68015,8930,96102,35576,1523351,16489,3997,15090,55660945,12962031,5.52,5.8,5.66,5.75,5.58,5.53,5.24,5.34,5.29,5.53,5.63,5.11,5.63,5.56,5.58,6.17
chosen,736.23,0.972,70,2,6,2,1.95,71,1061,5965,19245,1102,8416,927,14953,3746,197355,2170,404,1172,7585153,2399807,4.83,4.76,4.77,4.57,4.69,4.62,4.26,4.53,4.4,4.55,4.75,4.11,4.52,4.69,4.85,4.6
cigar,848.33,0.542,39,33,5,2,2,10,233,490,3449,107,788,660,1240,479,36219,158,158,163,744944,151020,4.01,4.1,3.69,3.82,3.68,3.59,4.11,3.45,3.67,3.66,3.62,3.71,3.66,3.68,3.65,3.77
class,601.14,1,72,0,5,1,1.5,207,3793,18149,92014,3900,20816,5985,94260,26340,814978,7691,11767,6882,27260152,7025660,5.29,5.31,5.25,5.25,5.24,5.01,5.07,5.33,5.02,5.4,5.3,5.58,5.29,5.25,5.32,6.09
classified,817.53,0.972,70,2,10,3,3.35,14,151,1253,8476,561,630,345,6244,640,1721436,237,73,330,2516030,460386,4.15,3.91,4.09,4.21,4.4,3.5,3.83,4.15,5.34,3.79,3.79,3.37,3.97,4.21,4.13,4.4
coalition,1190.91,0.319,23,49,9,3,2.75,15,243,2434,18049,488,15117,92,7118,1983,176673,492,144,1347,1044245,278649,4.18,4.12,4.38,4.54,4.34,4.87,3.26,4.21,4.36,4.28,4.11,3.67,4.58,3.83,3.91,2.43
coincide,1002.46,0.764,55,17,8,3,2.6,12,72,647,1410,56,224,40,1708,211,14509,74,17,120,715522,252748,4.09,3.59,3.81,3.43,3.41,3.05,2.9,3.59,3.27,3.31,3.29,2.76,3.53,3.66,3.87,3
coke,807.7,0.681,49,23,4,1,1.3,4,100,610,5004,357,1023,948,4270,1227,36279,345,724,158,455728,146548,3.67,3.73,3.78,3.98,4.2,3.71,4.27,3.99,3.67,4.07,3.95,4.36,3.65,3.47,3.63,3.51
combat,842.31,0.597,43,29,6,2,2.05,27,311,1581,16487,376,2138,706,18625,1663,212938,606,189,868,2366820,647954,4.42,4.22,4.19,4.5,4.23,4.03,4.14,4.63,4.44,4.2,4.2,3.78,4.39,4.18,4.28,3.29
comes,632.13,0.972,70,2,5,1,1.3,137,3394,15968,108759,4095,62901,11656,103585,25521,968371,11471,6380,7670,16118954,4877243,5.11,5.26,5.2,5.32,5.26,5.49,5.36,5.37,5.09,5.39,5.47,5.31,5.33,5.02,5.16,5.71
comfy,1044.1,0.167,12,60,5,2,2,0,8,112,896,66,1180,115,587,708,7725,334,287,87,26328,6203,2.97,2.68,3.05,3.24,3.48,3.77,3.36,3.13,3,3.83,3.94,3.96,3.39,2.23,2.26,1.77
comparison,868,0.958,69,3,10,4,3.25,48,417,3338,17994,1673,1828,187,16657,1853,153562,904,277,672,6628657,2026204,4.66,4.35,4.52,4.54,4.87,3.96,3.57,4.58,4.3,4.25,4.37,3.95,4.28,4.63,4.78,5.2
computer,700.17,1,72,0,8,3,2.1,13,1113,13841,63135,3437,8818,3011,253358,9176,1599082,3656,3029,2491,8107371,1289447,4.12,4.78,5.14,5.08,5.19,4.64,4.77,5.76,5.31,4.94,4.98,4.99,4.85,4.72,4.58,5.91
conceal,873.72,0.694,50,22,7,2,2.35,7,224,687,2474,87,347,129,1524,265,29336,108,32,125,1254767,532993,3.88,4.08,3.83,3.68,3.59,3.24,3.41,3.54,3.58,3.4,3.45,3.02,3.55,3.91,4.2,4.03
conference,899.04,0.986,71,1,10,3,2.65,96,1298,10066,47376,1663,8679,1296,51735,14778,367993,2344,4627,7807,4401515,1070666,4.96,4.84,5,4.96,4.87,4.63,4.4,5.07,4.67,5.15,4.79,5.17,5.34,4.45,4.5,4.94
confession,840.16,0.875,63,9,10,3,2.35,17,169,645,4726,123,820,841,1748,826,37356,405,245,176,1611461,635316,4.23,3.96,3.81,3.96,3.74,3.61,4.22,3.6,3.68,3.9,4.02,3.9,3.7,4.02,4.27,3.31
confide,893.94,0.542,39,33,7,2,2.05,3,36,174,591,16,116,97,147,56,2338,33,12,11,244851,88489,3.57,3.3,3.24,3.05,2.88,2.76,3.28,2.53,2.48,2.73,2.95,2.62,2.53,3.2,3.42,2.49
confirm,795.77,0.931,67,5,7,2,2.4,16,228,2618,7766,596,3978,736,10621,1343,136486,425,379,539,1742762,665545,4.2,4.09,4.41,4.17,4.43,4.3,4.16,4.38,4.24,4.11,4.04,4.08,4.18,4.05,4.29,5.06
conquer,832.95,0.819,59,13,7,2,2.65,4,96,270,1858,78,869,254,3143,531,28947,217,250,64,922126,327294,3.67,3.72,3.43,3.55,3.55,3.63,3.7,3.85,3.57,3.7,3.75,3.9,3.26,3.77,3.98,3.8
consulting,899.2,0.889,64,8,10,3,2.6,13,124,816,8465,384,730,146,34546,1368,480236,283,214,871,1072204,302019,4.12,3.83,3.91,4.21,4.24,3.56,3.46,4.89,4.79,4.12,3.87,3.84,4.39,3.84,3.95,3.94
contact,740.54,0.972,70,2,7,2,2.05,63,1361,10379,41033,1569,10567,3305,141845,9899,4662497,2988,3818,3093,10713850,2820653,4.78,4.86,5.01,4.9,4.85,4.72,4.81,5.51,5.78,4.97,4.89,5.09,4.94,4.84,4.92,5.46
core,768.05,0.764,55,17,4,1,1,37,303,3390,27074,1182,4114,501,19755,3821,334400,1573,700,1548,4193889,1118152,4.55,4.21,4.53,4.71,4.72,4.31,3.99,4.65,4.63,4.56,4.61,4.35,4.64,4.43,4.52,3.77
corridor,880.67,0.653,47,25,8,3,3.3,17,503,2099,8055,130,1839,284,2970,709,24295,219,49,441,905335,237759,4.23,4.43,4.32,4.19,3.77,3.96,3.75,3.83,3.49,3.83,3.76,3.2,4.09,3.77,3.84,3.06
corroborate,1014.11,0.208,15,57,11,4,3.8,2,8,37,617,41,77,56,300,53,5192,11,4,38,132662,41611,3.45,2.68,2.58,3.07,3.27,2.59,3.05,2.83,2.82,2.71,2.49,2.2,3.04,2.93,3.09,1.77
country,726.31,0.986,71,1,7,2,2.3,324,6561,31905,217659,6808,89658,8254,106711,26137,2068203,9458,4190,12489,41265441,15312705,5.48,5.55,5.5,5.62,5.48,5.65,5.21,5.38,5.42,5.4,5.39,5.13,5.55,5.43,5.65,5.83
course,698.31,1,72,0,6,1,1.85,465,11914,19694,188498,8512,94029,24848,195947,30903,2024605,16143,7218,7542,44175597,14168174,5.64,5.81,5.29,5.56,5.58,5.67,5.69,5.65,5.42,5.47,5.62,5.36,5.33,5.45,5.62,5.37
covering,831.16,0.944,68,4,8,3,1.8,32,462,3328,14543,476,3375,634,10313,2335,179313,900,567,868,3644294,1077213,4.49,4.39,4.52,4.45,4.33,4.22,4.09,4.37,4.36,4.35,4.37,4.26,4.39,4.37,4.5,3.86
creation,784.14,0.931,67,5,8,3,2.2,46,563,4733,20182,572,3060,310,22642,3602,360917,1838,719,1045,6154418,1941329,4.64,4.48,4.67,4.59,4.41,4.18,3.78,4.71,4.67,4.54,4.68,4.36,4.47,4.6,4.76,4.6
credit,748.08,0.986,71,1,6,2,2.4,64,731,7375,43745,2319,11495,2337,49110,9623,616108,2340,2067,5216,8027512,2039873,4.79,4.59,4.86,4.92,5.02,4.76,4.66,5.05,4.9,4.96,4.78,4.82,5.17,4.71,4.78,4.63
crouch,916,0.389,28,44,6,1,1.85,7,35,214,1211,28,447,38,1268,119,10663,45,25,49,107478,32158,3.88,3.29,3.33,3.37,3.11,3.35,2.88,3.46,3.14,3.06,3.08,2.92,3.15,2.84,2.98,2.4
cultural,855.8,0.972,70,2,8,3,3.1,55,1002,6543,56541,1340,3198,202,19229,3655,213922,1703,552,1400,9638620,2555764,4.72,4.73,4.81,5.03,4.78,4.2,3.6,4.64,4.44,4.54,4.65,4.25,4.6,4.79,4.88,5.49
curl,966.7,0.514,37,35,4,1,1.5,2,77,451,2726,51,530,120,1236,506,10387,246,179,81,359478,98258,3.45,3.62,3.65,3.72,3.37,3.42,3.37,3.45,3.13,3.68,3.81,3.76,3.36,3.37,3.46,3.11
currently,787.22,0.972,70,2,9,3,3.1,34,393,7050,28835,1533,8987,351,88217,8683,2608992,3410,2218,3055,2814168,653438,4.52,4.32,4.84,4.74,4.84,4.65,3.84,5.3,5.53,4.92,4.95,4.85,4.93,4.26,4.28,4.71
danger,681.13,1,72,0,6,2,1.65,70,1319,6018,22926,602,11370,2227,12703,2566,224706,1193,349,1024,8871124,3338302,4.82,4.85,4.78,4.64,4.43,4.75,4.64,4.46,4.46,4.39,4.49,4.05,4.46,4.76,4.99,5.71
day,573.51,0.972,70,2,3,1,1.15,686,13729,62256,397305,13710,197132,40893,239111,169883,3140667,50981,90394,28508,78211120,26182416,5.81,5.87,5.79,5.88,5.79,5.99,5.9,5.73,5.61,6.21,6.12,6.46,5.9,5.7,5.89,6.49
dazzle,939.41,0.583,42,30,6,2,1.95,1,41,119,947,20,364,51,253,102,3610,46,21,35,120751,44710,3.27,3.35,3.07,3.26,2.97,3.26,3.01,2.76,2.67,2.99,3.09,2.85,3.01,2.89,3.12,2.83
dealt,899.07,0.764,55,17,5,1,1.9,22,405,3500,8543,293,3987,379,8200,1220,83503,568,130,522,2698659,1203215,4.33,4.34,4.54,4.21,4.12,4.3,3.87,4.27,4.03,4.07,4.17,3.62,4.17,4.24,4.55,3.89
dearer,903.94,0.778,56,16,6,2,1.8,1,24,125,66,4,99,13,49,11,1132,8,1,2,212624,122148,3.27,3.13,3.1,2.11,2.35,2.7,2.44,2.06,2.16,2.06,2.37,1.81,1.93,3.14,3.56,2.51
debut,867.52,0.417,30,42,5,2,1.85,14,54,1584,7588,231,2508,132,2953,3240,29913,1152,644,1444,427053,108432,4.15,3.47,4.2,4.16,4.02,4.09,3.42,3.83,3.58,4.49,4.48,4.31,4.61,3.44,3.5,2.37
decent,778.33,0.806,58,14,6,2,1.75,20,478,1855,9006,497,8218,1433,22901,3051,231730,1579,856,616,1372741,448825,4.3,4.41,4.26,4.24,4.35,4.61,4.45,4.72,4.47,4.46,4.61,4.44,4.24,3.95,4.12,3.66
declares,967.61,0.833,60,12,8,2,2.65,11,52,353,2653,126,143,34,1926,369,33317,181,80,108,1422395,497831,4.05,3.45,3.54,3.71,3.75,2.85,2.84,3.64,3.63,3.55,3.68,3.41,3.49,3.96,4.17,4.17
densest,1214.67,0.208,15,57,7,2,2.4,1,13,28,207,6,40,3,54,20,671,9,2,9,51497,16045,3.27,2.88,2.46,2.6,2.49,2.31,1.89,2.1,1.94,2.3,2.41,1.98,2.45,2.52,2.67,1.57
development,735.22,1,72,0,11,4,3.5,334,3241,32409,111348,4189,10311,625,130333,11111,4709838,3395,1301,6415,33436452,9201065,5.5,5.24,5.51,5.33,5.27,4.71,4.09,5.47,5.78,5.02,4.95,4.62,5.26,5.33,5.43,5.89
different,672.53,1,72,0,9,2,2.7,312,7170,48374,217866,12276,91226,10686,223502,34798,2075903,18745,5987,10066,53176481,17025678,5.47,5.58,5.68,5.62,5.74,5.66,5.32,5.71,5.43,5.52,5.69,5.28,5.45,5.54,5.7,6.31
diminishes,1080.88,0.472,34,38,10,4,3.5,3,33,123,984,34,64,7,462,93,5416,39,19,35,523958,168115,3.57,3.26,3.09,3.28,3.19,2.51,2.19,3.02,2.84,2.95,3.02,2.81,3.01,3.53,3.69,2.74
diplomat,945.19,0.625,45,27,8,3,3.35,5,68,372,3155,106,392,109,1166,173,30092,51,26,96,330421,69717,3.75,3.57,3.57,3.78,3.68,3.29,3.33,3.42,3.59,3.22,3.13,2.94,3.44,3.33,3.31,3.91
discovery,789.58,1,72,0,9,4,2.95,45,604,2836,16361,686,3372,584,7790,2126,134164,839,542,745,4769630,1584395,4.64,4.51,4.45,4.5,4.49,4.22,4.06,4.25,4.24,4.31,4.34,4.24,4.32,4.49,4.67,5
dishes,710.11,1,72,0,6,2,1.8,21,359,1412,12793,407,5587,605,3411,3669,31229,1391,457,1821,1454273,364971,4.32,4.29,4.15,4.39,4.26,4.44,4.07,3.89,3.6,4.54,4.56,4.17,4.71,3.97,4.03,4.71
disliked,917.49,0.944,68,4,8,2,2.8,11,215,630,1525,57,186,28,1083,230,11579,130,51,49,610636,242349,4.05,4.06,3.8,3.47,3.41,2.97,2.75,3.39,3.17,3.34,3.53,3.22,3.15,3.6,3.85,3.86
distance,712.97,1,72,0,8,2,2.6,108,1597,6829,38512,1353,8814,1306,29802,3901,235704,1919,701,1281,14846727,4934075,5.01,4.93,4.83,4.87,4.78,4.64,4.41,4.83,4.48,4.57,4.7,4.35,4.56,4.98,5.16,4.97
distributed,957.72,0.958,69,3,11,4,3,27,260,2783,8713,575,563,67,28505,1025,202732,413,102,510,4340374,1132645,4.42,4.15,4.44,4.22,4.41,3.45,3.12,4.81,4.42,3.99,4.03,3.52,4.16,4.45,4.52,4.23
division,802.97,0.958,69,3,8,3,2.5,107,981,9009,32704,1105,3325,946,35084,5484,310711,838,530,4116,7922639,2472774,5.01,4.72,4.95,4.8,4.69,4.22,4.27,4.9,4.6,4.72,4.34,4.23,5.06,4.71,4.86,4.37
dominant,876.34,0.917,66,6,8,3,2.85,65,453,3063,12533,492,1628,82,5947,1089,60479,409,127,553,3796929,1073012,4.79,4.39,4.48,4.38,4.34,3.91,3.21,4.13,3.89,4.02,4.03,3.61,4.19,4.39,4.5,4.63
done,636.49,0.972,70,2,4,1,1,320,7282,35473,166664,6997,196524,24737,173968,43753,2001250,16711,17601,9441,36209125,12199720,5.48,5.59,5.55,5.5,5.49,5.99,5.69,5.6,5.41,5.62,5.64,5.75,5.42,5.37,5.55,6.34
down,676.14,0.972,70,2,4,1,1.55,895,21923,96025,491748,14522,247982,76004,293731,88927,3053371,34553,27866,26508,72761891,21758843,5.93,6.07,5.98,5.97,5.81,6.09,6.17,5.82,5.59,5.93,5.95,5.95,5.87,5.67,5.81,6.34
drawn,702.97,0.972,70,2,5,1,1.6,70,1171,7523,22784,711,6666,542,11970,2981,123128,1535,240,1206,10781477,4096631,4.82,4.8,4.87,4.64,4.5,4.52,4.03,4.43,4.2,4.45,4.6,3.89,4.53,4.84,5.08,4.11
drives,712.91,0.986,71,1,6,1,1.55,6,255,1343,13122,408,2216,728,43187,1942,164354,592,557,793,1799422,387816,3.82,4.14,4.12,4.4,4.26,4.04,4.15,4.99,4.32,4.27,4.19,4.25,4.35,4.06,4.06,5.17
driveway,1071.87,0.722,52,20,8,2,3.35,14,74,222,6922,146,833,343,1147,960,19245,422,170,368,337412,15425,4.15,3.6,3.34,4.12,3.82,3.62,3.83,3.42,3.39,3.96,4.04,3.74,4.02,3.34,2.66,3.43
dug,874.72,0.764,55,17,3,1,1.15,15,275,1100,6666,144,2357,455,2868,785,32979,404,117,264,1199069,395256,4.18,4.17,4.04,4.11,3.81,4.07,3.95,3.81,3.63,3.87,4.02,3.58,3.87,3.89,4.07,4.03
during,670.53,0.986,71,1,6,2,1.85,585,6818,44013,253585,10977,30343,3872,137335,44341,1785146,14476,6450,23415,57303564,15672313,5.74,5.56,5.64,5.69,5.69,5.18,4.88,5.49,5.36,5.63,5.58,5.31,5.82,5.57,5.66,6.23
easiest,882.75,0.958,69,3,7,3,2.6,7,148,783,3717,119,1587,204,7936,904,50685,455,246,203,702048,176955,3.88,3.9,3.89,3.85,3.73,3.9,3.6,4.26,3.81,3.94,4.07,3.9,3.76,3.66,3.72,3.37
east,712.73,0.944,68,4,4,1,1.25,183,771,17634,77929,3046,31424,2527,49098,13200,811296,2779,2673,7748,7261830,3276336,5.24,4.62,5.24,5.17,5.13,5.19,4.69,5.05,5.02,5.1,4.86,4.93,5.34,4.67,4.98,5.37
eaten,710.02,0.917,66,6,5,2,1.95,12,650,1694,7144,332,4557,927,4257,1858,45052,1025,521,312,1932191,634122,4.09,4.54,4.22,4.14,4.17,4.35,4.26,3.99,3.76,4.25,4.43,4.22,3.95,4.1,4.27,3.94
ecstatic,1057.3,0.306,22,50,8,3,3.45,4,51,255,1660,43,610,69,876,410,7051,199,109,102,328776,87840,3.67,3.45,3.4,3.5,3.29,3.48,3.14,3.3,2.96,3.59,3.72,3.55,3.46,3.33,3.41,1.69
edge,769.44,0.972,70,2,4,1,1.7,78,1384,7620,42730,990,12583,1199,37877,5338,232455,2462,827,2049,7696727,2050855,4.87,4.87,4.88,4.91,4.65,4.8,4.37,4.93,4.48,4.71,4.81,4.42,4.76,4.7,4.78,4.23
edifice,958,0.042,3,69,7,3,2.9,3,43,173,738,56,91,21,198,63,3486,38,1,24,605380,283877,3.57,3.37,3.24,3.15,3.41,2.66,2.63,2.65,2.65,2.78,3.01,1.81,2.85,3.59,3.92,1.23
employer,720.76,1,72,0,8,2,2.45,15,452,3018,8087,382,1285,274,27757,1312,2784925,437,182,693,2564562,537748,4.18,4.39,4.48,4.19,4.23,3.8,3.73,4.8,5.55,4.1,4.06,3.77,4.29,4.22,4.2,4.91
emulation,1214.55,0.347,25,47,9,4,2.45,0,18,264,397,5,5,1,7378,31,16001,18,10,3,267324,110394,2.97,3.01,3.42,2.88,2.43,1.47,1.59,4.22,3.31,2.48,2.69,2.55,2.05,3.24,3.51,1.63
enough,630.11,1,72,0,6,2,2.5,430,8881,32594,198332,7660,89973,25568,191008,40771,2077107,18759,9992,12020,32730633,8988773,5.61,5.68,5.51,5.58,5.53,5.65,5.7,5.64,5.43,5.59,5.69,5.5,5.53,5.32,5.42,5.97
entertainment,988.32,0.944,68,4,13,4,4.25,29,346,2010,18186,1213,4275,640,16689,4402,135406,1352,1016,2034,1893358,662684,4.45,4.27,4.3,4.54,4.73,4.33,4.1,4.58,4.24,4.62,4.55,4.51,4.76,4.09,4.29,5.2
environment,851.6,0.972,70,2,11,4,3.6,42,1327,13023,56029,1648,10821,652,70839,5015,1604205,2233,617,2165,10743007,2426025,4.61,4.85,5.11,5.03,4.87,4.73,4.11,5.21,5.31,4.68,4.76,4.3,4.79,4.84,4.85,5.91
episodes,949.16,0.708,51,21,8,3,3.45,6,74,772,5520,897,989,105,15188,2146,81345,888,842,416,1291795,314631,3.82,3.6,3.88,4.02,4.6,3.69,3.32,4.54,4.02,4.31,4.36,4.43,4.07,3.92,3.97,3.94
excellent,727.67,1,72,0,9,3,3.4,68,894,6718,20886,1392,17689,2688,79398,6701,1231996,2559,2677,1465,7840032,3042343,4.81,4.68,4.82,4.6,4.79,4.94,4.72,5.26,5.2,4.81,4.82,4.93,4.62,4.7,4.95,5.89
excuse,696.03,1,72,0,6,2,2.15,27,617,3090,16420,767,14550,18773,19298,3675,580688,1543,1621,511,2440795,970106,4.42,4.52,4.49,4.5,4.54,4.86,5.57,4.64,4.87,4.54,4.6,4.71,4.16,4.2,4.46,5.4
experience,694.34,1,72,0,10,3,2.85,276,3605,21374,115669,2990,28567,3088,234638,21227,8152781,9798,4829,6600,28690190,7827135,5.42,5.29,5.33,5.35,5.13,5.15,4.78,5.73,6.02,5.31,5.41,5.19,5.27,5.27,5.36,5.8
extracted,944.92,0.889,64,8,9,3,2.7,9,125,776,2691,485,418,56,5480,194,27465,94,17,83,1181456,444714,3.97,3.83,3.89,3.71,4.34,3.32,3.05,4.09,3.55,3.27,3.39,2.76,3.37,3.88,4.12,3.17
factories,887.55,0.986,71,1,9,3,3.05,24,362,1653,6219,196,2160,119,3478,627,38704,150,38,439,1824232,539349,4.37,4.29,4.21,4.08,3.94,4.03,3.37,3.9,3.7,3.78,3.59,3.1,4.09,4.07,4.2,4.37
fade,672.31,0.972,70,2,4,1,1.35,2,124,515,5115,127,1201,286,3505,839,30572,335,307,197,696418,199728,3.45,3.83,3.71,3.99,3.76,3.78,3.75,3.9,3.59,3.9,3.94,3.99,3.75,3.65,3.77,4.2
fancier,958.83,0.819,59,13,7,2,2.4,1,6,28,389,24,101,12,516,74,3045,33,10,31,42982,11334,3.27,2.57,2.46,2.87,3.05,2.7,2.41,3.07,2.59,2.85,2.95,2.55,2.95,2.44,2.52,2.29
fans,672.51,0.986,71,1,4,1,1.45,21,141,3456,31356,1359,14180,711,31621,18307,243560,2905,8647,6755,948379,209176,4.32,3.88,4.53,4.78,4.78,4.85,4.14,4.86,4.5,5.24,4.88,5.44,5.28,3.79,3.79,5.03
fantastic,818,0.972,70,2,9,3,3.25,20,308,1169,7993,323,57060,2029,10813,6561,121613,2603,3402,556,1120341,372713,4.3,4.22,4.06,4.19,4.16,5.45,4.6,4.39,4.19,4.8,4.83,5.04,4.2,3.86,4.04,5.23
far,617.97,1,72,0,3,1,1,427,9230,30499,177712,7476,82183,11259,176812,34299,1867624,14199,9599,10501,45834245,17186163,5.6,5.69,5.48,5.53,5.52,5.61,5.34,5.6,5.38,5.51,5.57,5.49,5.47,5.47,5.7,5.66
fatter,827.82,0.917,66,6,6,2,1.45,3,28,121,625,14,242,72,410,117,5868,38,53,26,69104,23737,3.57,3.19,3.08,3.08,2.83,3.08,3.16,2.97,2.88,3.05,3.01,3.24,2.88,2.65,2.84,3.66
fear,622.47,1,72,0,4,1,1.25,127,2791,8991,55802,1594,13899,3523,34537,9344,918665,4835,2501,2008,14392699,4969554,5.08,5.18,4.95,5.03,4.85,4.84,4.84,4.89,5.07,4.95,5.1,4.9,4.75,4.97,5.16,5.51
feet,672.54,0.958,69,3,4,1,1.5,283,4104,14100,104796,1840,24066,6157,40143,12963,386398,4546,2149,6268,26129976,7427085,5.43,5.34,5.14,5.3,4.91,5.08,5.08,4.96,4.7,5.09,5.07,4.84,5.25,5.23,5.34,4.89
few,648.15,1,72,0,3,1,1.45,601,10473,19161,259707,9525,94698,15393,264493,59296,2379513,31761,11637,15898,52816297,15922166,5.75,5.75,5.28,5.7,5.63,5.67,5.48,5.78,5.49,5.75,5.92,5.57,5.65,5.53,5.67,5.86
fiercest,1097.83,0.431,31,41,8,2,2.9,1,17,69,440,16,182,12,70,57,1910,23,5,29,121702,54428,3.27,2.98,2.84,2.93,2.88,2.96,2.41,2.21,2.39,2.74,2.8,2.28,2.93,2.89,3.2,2.49
file,764.94,0.903,65,7,4,1,1.15,81,510,6014,20257,2636,2394,2246,311710,3744,1277742,1324,752,1668,8382701,921681,4.89,4.44,4.77,4.59,5.07,4.07,4.64,5.85,5.22,4.55,4.54,4.38,4.67,4.73,4.43,4.54
fire,680.89,1,72,0,4,1,1.1,187,2738,14104,76494,2317,30813,10990,62707,17463,750846,4283,4731,8449,18687866,6302776,5.25,5.17,5.14,5.17,5.01,5.18,5.33,5.15,4.98,5.22,5.05,5.18,5.38,5.08,5.27,5.2
flagrant,1071.4,0.319,23,49,8,2,2.75,3,23,102,539,24,56,29,756,155,10755,33,53,69,257107,89130,3.57,3.11,3.01,3.01,3.05,2.45,2.77,3.24,3.14,3.17,2.95,3.24,3.29,3.22,3.42,2.09
flirt,941.91,0.347,25,47,5,1,1.9,1,22,134,1085,37,303,200,467,351,3890,98,221,32,121888,33279,3.27,3.09,3.13,3.32,3.23,3.18,3.59,3.03,2.7,3.53,3.41,3.85,2.97,2.9,2.99,2.63
fold,726.11,0.972,70,2,4,1,1.35,7,177,964,6255,1676,2202,440,4906,1467,63709,897,219,351,2062809,608450,3.88,3.98,3.98,4.08,4.87,4.04,3.94,4.05,3.91,4.15,4.37,3.85,4,4.12,4.25,3.97
forced,733.56,0.944,68,4,6,1,1.75,81,1579,8114,37529,1309,8770,1349,27590,6048,399416,2421,574,3053,8842267,2678395,4.89,4.93,4.9,4.86,4.77,4.64,4.42,4.8,4.71,4.76,4.8,4.26,4.93,4.76,4.9,4.74
frees,785.2,0.722,52,20,5,1,1.6,2,13,88,748,21,156,34,659,126,6894,54,32,40,176630,39970,3.45,2.88,2.94,3.16,2.99,2.89,2.84,3.18,2.95,3.08,3.16,3.02,3.06,3.06,3.07,2.94
fuel,797.56,0.792,57,15,4,1,1.75,17,828,4238,27532,594,8519,876,16552,3524,325602,979,485,2060,4289358,1125069,4.23,4.65,4.62,4.72,4.42,4.63,4.23,4.57,4.62,4.53,4.41,4.19,4.76,4.44,4.52,3.86
fullest,855.15,0.917,66,6,7,2,2.5,5,56,242,1011,25,119,50,1022,425,9504,156,219,50,699853,246824,3.75,3.49,3.38,3.29,3.06,2.77,3,3.37,3.09,3.61,3.61,3.85,3.16,3.65,3.86,2.86
funniest,869.7,0.861,62,10,8,3,2.95,2,13,123,1107,143,662,148,1668,966,15790,215,683,68,63469,10975,3.45,2.88,3.09,3.33,3.81,3.52,3.46,3.58,3.31,3.96,3.75,4.34,3.29,2.61,2.51,2.63
gathered,802.36,0.986,71,1,8,2,1.9,32,655,2770,17755,416,3108,491,5341,2230,86143,954,81,1195,4640436,1328625,4.49,4.55,4.44,4.53,4.27,4.19,3.98,4.08,4.04,4.33,4.39,3.42,4.53,4.48,4.59,4.09
geese,838.98,0.639,46,26,5,1,2,3,85,398,2119,34,903,81,640,315,6447,149,54,112,398350,141115,3.57,3.66,3.6,3.61,3.19,3.65,3.21,3.16,2.92,3.48,3.59,3.24,3.5,3.41,3.62,2.63
generations,989.95,0.931,67,5,11,4,2.75,23,445,2133,14555,536,4404,305,8468,1687,109314,807,204,676,3264248,919887,4.35,4.38,4.32,4.45,4.38,4.34,3.78,4.28,4.15,4.21,4.32,3.82,4.28,4.32,4.43,4.71
gets,719.63,0.931,67,5,4,1,1.5,65,1760,7788,72883,3850,43974,11364,86927,20763,830052,7148,8269,5346,5033204,1064937,4.79,4.98,4.89,5.14,5.24,5.34,5.35,5.3,5.03,5.3,5.27,5.42,5.18,4.51,4.5,6.31
glasses,787.04,0.958,69,3,7,2,1.85,29,920,2496,15162,360,4745,1689,8546,2740,56602,1061,1118,561,2028233,495983,4.45,4.69,4.39,4.46,4.21,4.37,4.52,4.29,3.86,4.42,4.44,4.55,4.2,4.12,4.16,4.57
god,662.04,0.986,71,1,3,1,1.3,318,381,23747,121689,3340,47807,46061,129944,45810,3669749,25203,17881,2726,3531453,1502500,5.48,4.31,5.37,5.37,5.17,5.37,5.96,5.47,5.67,5.64,5.82,5.76,4.89,4.36,4.65,5.97
gold,681.53,1,72,0,4,1,1.35,52,1575,7792,42161,1208,25481,4026,53067,7734,342350,3270,1989,2475,11805706,4363291,4.7,4.93,4.89,4.91,4.73,5.1,4.9,5.08,4.64,4.87,4.93,4.8,4.84,4.88,5.11,4.69
good,597.47,1,72,0,4,1,1.4,807,16874,80795,476391,24447,454018,133117,628816,179517,6192764,48790,100879,29848,84344975,29354893,5.88,5.96,5.9,5.96,6.04,6.35,6.42,6.15,5.9,6.23,6.1,6.51,5.92,5.74,5.94,6.8
gospel,1028.48,0.347,25,47,6,2,2.7,13,50,1052,8077,163,1119,160,4360,2017,147983,1297,340,380,2375493,774725,4.12,3.44,4.02,4.19,3.86,3.74,3.5,4,4.28,4.28,4.53,4.04,4.03,4.19,4.36,2.06
government,750.06,0.986,71,1,10,3,3.55,417,6844,62268,225564,9481,116509,3327,172375,25323,2881180,8922,1343,15058,38040300,8830691,5.59,5.56,5.79,5.64,5.63,5.76,4.81,5.59,5.57,5.38,5.37,4.63,5.63,5.39,5.41,5.8
gross,795.62,0.917,66,6,5,1,1.75,66,386,2482,10559,580,2188,779,8314,2468,99467,734,987,747,3181345,884951,4.8,4.32,4.39,4.31,4.41,4.04,4.18,4.28,4.11,4.37,4.28,4.5,4.32,4.31,4.42,3.57
guys,702.32,0.958,69,3,4,1,1.7,20,333,1244,67635,2679,46722,32198,58720,31944,661366,4598,21063,6283,1406621,85095,4.3,4.25,4.09,5.11,5.08,5.36,5.8,5.12,4.93,5.48,5.08,5.83,5.25,3.96,3.4,5.63
habit,673.59,0.972,70,2,5,2,1.95,23,705,2274,9659,411,2197,738,6475,1905,78458,965,595,345,4538394,1590804,4.35,4.58,4.35,4.27,4.26,4.04,4.16,4.17,4,4.26,4.4,4.28,3.99,4.47,4.67,5.6
happen,624.9,0.986,71,1,6,2,1.95,63,2072,8760,72801,2572,42369,12968,66094,17027,731800,6270,6326,4431,6121893,1760441,4.78,5.05,4.94,5.14,5.06,5.32,5.4,5.18,4.97,5.21,5.21,5.31,5.1,4.6,4.71,5.6
having,643.64,0.972,70,2,6,2,1.55,279,6461,35275,151563,7599,84949,14752,166984,41473,1849070,17919,15033,8521,38996741,16153632,5.42,5.54,5.54,5.46,5.53,5.62,5.46,5.58,5.38,5.6,5.67,5.68,5.38,5.4,5.68,5.31
healthier,899.33,0.958,69,3,9,2,3.1,2,58,387,3757,80,723,64,1245,1143,21752,500,232,411,256177,58350,3.45,3.5,3.58,3.86,3.56,3.56,3.1,3.45,3.45,4.04,4.11,3.87,4.06,3.22,3.23,4.54
heard,677.31,0.986,71,1,5,1,1.6,247,5070,20210,121204,3982,46606,19775,133757,21799,975241,7817,9226,4756,22356445,7528324,5.37,5.43,5.3,5.37,5.25,5.36,5.59,5.48,5.1,5.32,5.31,5.47,5.13,5.16,5.35,5.6
heavy,630.38,1,72,0,5,2,1.9,110,2376,9484,45547,1222,16048,2412,32826,6608,640723,3046,1240,2322,11921747,3621600,5.02,5.11,4.97,4.94,4.74,4.9,4.67,4.87,4.92,4.8,4.9,4.6,4.82,4.89,5.03,5.34
hid,748.56,0.931,67,5,3,1,1.25,6,215,694,4444,71,1016,596,1605,509,30563,264,102,143,1265512,463028,3.82,4.06,3.84,3.93,3.51,3.7,4.07,3.56,3.59,3.69,3.84,3.52,3.61,3.91,4.13,4.06
highest,711.61,1,72,0,7,2,2.6,63,652,4859,26935,1261,9624,646,20611,4432,267211,1344,671,2417,8898557,2945014,4.78,4.54,4.68,4.71,4.75,4.68,4.1,4.67,4.54,4.63,4.54,4.33,4.83,4.76,4.94,4.63
himself,734.54,1,72,0,7,2,3.05,603,9113,31082,140087,3818,31239,7168,56572,14858,900900,6878,1599,6381,54760736,22233077,5.75,5.69,5.49,5.43,5.23,5.19,5.15,5.11,5.06,5.15,5.25,4.71,5.25,5.55,5.82,5.66
honey,666.74,1,72,0,5,2,1.75,25,371,1479,14888,293,7977,15325,9093,3603,59802,1514,1430,659,1619400,455081,4.39,4.3,4.17,4.46,4.12,4.6,5.48,4.31,3.89,4.54,4.6,4.66,4.27,4.02,4.13,4.77
hose,842.53,0.431,31,41,4,1,1.1,9,66,318,3566,108,716,411,3874,431,41223,192,115,124,686701,152254,3.97,3.56,3.5,3.83,3.69,3.55,3.91,3.94,3.72,3.61,3.7,3.57,3.55,3.65,3.65,1.51
human,649.29,0.958,69,3,5,2,1.9,299,5440,19584,140035,7505,23398,6363,180168,14750,2049867,7776,2832,4142,40061547,11105862,5.45,5.47,5.29,5.43,5.53,5.06,5.1,5.61,5.42,5.15,5.31,4.96,5.07,5.41,5.51,6.06
hybrid,867.19,0.75,54,18,6,2,2.85,1,63,620,6275,193,469,104,3827,1145,44278,315,247,583,743068,219430,3.27,3.54,3.79,4.08,3.94,3.37,3.31,3.94,3.76,4.04,3.91,3.9,4.22,3.68,3.81,2.71
implies,874.08,0.917,66,6,7,2,2.55,17,298,1978,5728,355,353,80,8152,513,80182,294,89,130,3206523,1069372,4.23,4.21,4.29,4.04,4.2,3.24,3.2,4.27,4.01,3.69,3.88,3.46,3.57,4.32,4.5,4.8
incredibly,939.69,0.931,67,5,10,4,3.9,7,190,805,9056,432,11173,668,8804,3056,264786,1810,719,527,450900,101438,3.88,4.01,3.9,4.24,4.29,4.74,4.12,4.3,4.53,4.46,4.67,4.36,4.17,3.46,3.47,4.54
induction,869.65,0.736,53,19,9,3,2.3,6,70,695,1793,736,194,37,1872,385,23159,75,77,233,1605865,507861,3.82,3.58,3.84,3.54,4.52,2.99,2.87,3.63,3.47,3.57,3.3,3.4,3.82,4.02,4.17,3.37
information,798.87,1,72,0,11,4,2.65,269,2968,38659,168187,10212,21811,4557,467659,20835,4365453,7744,2391,10700,35961556,8396647,5.4,5.2,5.58,5.51,5.66,5.03,4.95,6.03,5.75,5.3,5.3,4.88,5.48,5.37,5.39,5.91
installed,930.98,0.778,56,16,9,2,2.85,35,250,2069,9205,348,1719,230,50303,1720,290368,498,370,852,2245544,449650,4.53,4.13,4.31,4.25,4.19,3.93,3.66,5.06,4.57,4.21,4.11,4.07,4.38,4.16,4.12,3.83
international,1010.26,0.986,71,1,13,4,3.6,155,2188,22215,104202,3332,18638,725,105052,10866,1310287,3591,1440,5835,9237997,2788318,5.17,5.07,5.34,5.3,5.17,4.97,4.15,5.38,5.23,5.01,4.97,4.66,5.22,4.78,4.91,5.94
island,714.61,1,72,0,6,2,1.9,167,1209,6630,50041,2734,18560,2018,44872,7392,384480,2807,1493,3092,6289628,2859268,5.2,4.81,4.82,4.98,5.09,4.96,4.6,5.01,4.69,4.85,4.86,4.68,4.94,4.61,4.92,4.51
issue,681.26,1,72,0,5,2,2.05,152,1664,16455,114405,4398,30665,1741,117620,16176,1233801,5350,3022,7804,14234538,4011379,5.16,4.95,5.21,5.34,5.29,5.18,4.53,5.43,5.2,5.19,5.14,4.99,5.34,4.96,5.07,5.31
its,806.41,0.875,63,9,3,1,1.5,1858,27783,163106,714517,30620,119480,8757,388805,128354,5653656,33639,37114,57601,212818956,68617894,6.24,6.17,6.21,6.14,6.14,5.77,5.23,5.95,5.86,6.09,5.94,6.07,6.21,6.14,6.3,6.6
jaunt,1038,0.181,13,59,5,1,1.7,0,16,77,447,14,96,19,132,111,1730,56,19,36,53769,15926,2.97,2.96,2.89,2.93,2.83,2.68,2.59,2.48,2.35,3.03,3.17,2.81,3.02,2.54,2.67,1.63
jewel,911.34,0.653,47,25,5,1,1.95,1,50,367,2679,92,1164,369,1980,417,14434,171,85,161,427264,167580,3.27,3.44,3.56,3.71,3.62,3.76,3.86,3.65,3.27,3.6,3.65,3.44,3.66,3.44,3.69,4.4
jingle,977.3,0.472,34,38,6,2,1.6,0,28,108,771,37,918,258,439,313,4993,123,153,37,106099,31792,2.97,3.19,3.03,3.17,3.23,3.66,3.71,3,2.81,3.48,3.51,3.69,3.03,2.84,2.97,2.34
job,631.66,0.986,71,1,3,1,1.2,238,4372,22891,148453,5170,81108,21063,152135,37349,23349704,10449,13259,13641,14056081,2262803,5.35,5.37,5.36,5.45,5.36,5.6,5.62,5.54,6.48,5.55,5.43,5.63,5.58,4.96,4.82,6.03
keep,595.75,1,72,0,4,1,1.5,264,6264,27813,178382,6156,106457,35846,183906,52895,2026588,17886,22561,12448,24185805,6650955,5.4,5.53,5.44,5.53,5.44,5.72,5.85,5.62,5.42,5.7,5.67,5.86,5.54,5.19,5.29,6.06
kind,604.78,1,72,0,4,1,1.45,313,8005,23797,216141,13669,80609,30125,131849,30858,1664773,13505,8598,8755,30696113,10594902,5.47,5.63,5.37,5.62,5.79,5.6,5.77,5.48,5.33,5.47,5.55,5.44,5.39,5.3,5.49,6.43
knives,790.58,0.972,70,2,6,1,2.3,7,156,668,3614,124,1232,353,2722,488,30683,219,121,148,708758,203307,3.88,3.93,3.82,3.84,3.75,3.79,3.84,3.79,3.6,3.67,3.76,3.59,3.62,3.66,3.78,4.06
knowledge,749.35,1,72,0,9,2,3.8,145,2421,14588,68414,1984,11175,1302,83911,6610,2584248,3520,1643,1447,26794406,9492877,5.14,5.11,5.16,5.12,4.95,4.74,4.41,5.28,5.52,4.8,4.96,4.72,4.61,5.24,5.45,6.17
known,632.84,0.986,71,1,5,1,1.9,245,4560,25822,107994,5944,39708,6300,84923,16513,1188727,7312,1834,7367,40220522,13616884,5.36,5.39,5.41,5.32,5.42,5.29,5.09,5.29,5.18,5.2,5.28,4.77,5.32,5.41,5.6,5.63
last,589.53,0.972,70,2,4,1,1.15,676,11755,72182,407517,17555,189843,36878,291284,124898,3234936,35920,37446,51532,51117538,18730770,5.8,5.8,5.85,5.89,5.89,5.97,5.86,5.82,5.62,6.08,5.97,6.08,6.16,5.52,5.74,6.26
later,630.13,0.986,71,1,5,2,1.5,397,7490,39496,186397,5491,63866,14889,108034,32711,1493302,12547,6543,13621,39404177,11394140,5.57,5.6,5.59,5.55,5.39,5.5,5.46,5.39,5.28,5.49,5.51,5.32,5.58,5.41,5.53,5.91
latex,934.67,0.083,6,66,5,2,1.9,2,9,104,1332,72,143,74,7715,168,24745,68,62,38,288924,61256,3.45,2.73,3.02,3.41,3.51,2.85,3.17,4.24,3.5,3.21,3.25,3.3,3.04,3.27,3.26,1.06
launch,750.09,0.944,68,4,6,1,1.85,10,290,3160,14746,384,4631,1018,13019,4010,162997,998,1661,1351,1119700,314518,4.01,4.19,4.5,4.45,4.24,4.36,4.3,4.47,4.32,4.58,4.41,4.73,4.58,3.86,3.97,4.4
leagues,955.21,0.736,53,19,7,1,2.5,8,24,208,4363,141,379,107,2335,898,13667,96,168,634,901401,400863,3.93,3.13,3.32,3.92,3.8,3.28,3.33,3.72,3.24,3.93,3.4,3.73,4.25,3.76,4.07,3.26
lifeboat,959.68,0.833,60,12,8,2,3.4,4,21,491,677,4,1011,71,182,125,2065,37,11,77,70531,30190,3.67,3.07,3.69,3.11,2.35,3.7,3.15,2.62,2.42,3.08,2.99,2.58,3.34,2.66,2.95,2.94
linking,739.18,0.931,67,5,7,2,1.65,6,110,1473,4400,222,797,67,5988,961,43165,587,156,218,844475,282645,3.82,3.77,4.16,3.93,4,3.6,3.12,4.13,3.74,3.96,4.18,3.7,3.79,3.74,3.92,4.74
listed,844.05,0.889,64,8,6,2,1.75,44,315,3286,14182,902,2877,284,54165,3454,646845,1320,439,1695,4614295,684076,4.63,4.23,4.51,4.43,4.61,4.15,3.75,5.09,4.92,4.52,4.54,4.15,4.68,4.47,4.3,4.34
loathed,893.36,0.389,28,44,7,1,1.95,4,55,156,553,24,152,20,526,78,3060,45,4,29,132872,55408,3.67,3.48,3.19,3.03,3.05,2.88,2.61,3.08,2.59,2.88,3.08,2.2,2.93,2.93,3.21,1.86
looking,613.38,1,72,0,7,2,1.7,173,5428,26638,152771,4689,141942,22066,226966,49342,2158448,14965,25511,8866,16241815,4612166,5.21,5.46,5.42,5.47,5.32,5.85,5.64,5.71,5.44,5.67,5.59,5.91,5.4,5.02,5.13,5.37
luckier,823.54,0.861,62,10,7,2,2.5,1,23,62,314,9,116,48,180,64,1880,21,32,11,37105,12781,3.27,3.11,2.79,2.78,2.65,2.76,2.98,2.61,2.38,2.79,2.76,3.02,2.53,2.38,2.57,3.43
lumber,861.97,0.486,35,37,6,2,1.65,35,33,67,3463,59,94,126,1363,285,17240,109,30,146,1335541,89688,4.53,3.26,2.83,3.82,3.43,2.67,3.4,3.49,3.35,3.44,3.46,3,3.62,3.94,3.42,2.71
maintains,972.68,0.917,66,6,9,2,3.05,16,108,869,5996,232,370,57,6399,568,176921,174,18,376,1541213,410836,4.2,3.77,3.94,4.06,4.02,3.26,3.06,4.16,4.36,3.73,3.66,2.78,4.03,4,4.08,4.77
major,685.96,0.986,71,1,5,2,1.85,247,3322,29088,121742,6062,22389,5343,100373,16196,1062329,4873,2644,8679,20371271,4340231,5.37,5.25,5.46,5.37,5.43,5.05,5.02,5.36,5.14,5.19,5.1,4.93,5.39,5.12,5.11,5.6
manhood,912.74,0.528,38,34,7,2,2.9,6,102,204,1351,30,132,146,831,128,12633,76,34,18,1016393,278124,3.82,3.74,3.31,3.41,3.14,2.82,3.46,3.28,3.21,3.09,3.3,3.05,2.73,3.82,3.91,3.03
manor,925.38,0.111,8,64,5,2,1.8,5,119,1912,2298,54,1691,174,1616,461,11282,165,44,252,415993,621086,3.75,3.81,4.28,3.64,3.39,3.92,3.53,3.56,3.16,3.64,3.64,3.16,3.85,3.43,4.26,1.86
mean,626.76,0.986,71,1,4,1,1.35,199,7547,44098,230731,16231,102184,63443,151693,26706,1934350,9983,12603,4120,22336582,6633732,5.27,5.61,5.64,5.65,5.86,5.7,6.09,5.54,5.4,5.41,5.41,5.61,5.06,5.16,5.29,5.66
meetings,788.24,0.986,71,1,8,2,2.55,28,924,5353,21432,687,3609,530,11848,4200,308288,915,1037,2248,4839122,1291326,4.44,4.7,4.72,4.61,4.49,4.25,4.02,4.43,4.6,4.6,4.38,4.52,4.8,4.49,4.58,4.66
mice,823.05,0.903,65,7,4,1,1.25,10,184,1028,5824,2521,1643,335,4181,532,39299,254,140,138,1606308,362207,4.01,4,4.01,4.05,5.05,3.91,3.82,3.98,3.7,3.71,3.82,3.65,3.59,4.02,4.03,3.74
minister,914.56,0.903,65,7,8,3,2.35,61,1843,24213,36581,1429,56046,941,22530,3576,491984,1947,184,1445,5043839,1833773,4.77,5,5.38,4.85,4.81,5.44,4.27,4.71,4.8,4.53,4.7,3.77,4.61,4.51,4.73,4.31
mirror,706.96,0.944,68,4,6,1,2.5,27,735,3913,21669,374,5672,1233,27107,2931,250143,1354,916,661,2928295,706865,4.42,4.6,4.59,4.62,4.22,4.45,4.38,4.79,4.51,4.45,4.55,4.47,4.27,4.28,4.32,4.57
morning,723.99,0.986,71,1,7,2,1.85,211,5406,21144,148332,3816,63276,22389,36262,46407,573649,11938,26645,7824,18708960,6128631,5.3,5.46,5.32,5.45,5.23,5.5,5.64,4.92,4.87,5.65,5.49,5.93,5.34,5.08,5.26,6
mouths,775.55,0.958,69,3,6,1,1.8,8,238,606,4233,89,1190,273,2195,546,32710,278,153,115,1064663,409361,3.93,4.11,3.78,3.91,3.6,3.77,3.73,3.7,3.62,3.72,3.86,3.69,3.51,3.84,4.08,4.09
move,661.34,0.944,68,4,4,1,1.35,171,3314,20427,110226,3440,61657,21325,80091,23411,1163464,7666,6660,9085,14253436,3626293,5.21,5.25,5.31,5.32,5.19,5.49,5.62,5.26,5.17,5.35,5.3,5.33,5.41,4.96,5.03,5.63
must,660.81,0.958,69,3,4,1,1.2,1013,16520,72571,212138,7890,94298,35661,306094,37258,6591617,15795,12477,8986,113858718,36973926,5.98,5.95,5.86,5.61,5.55,5.67,5.84,5.84,5.93,5.55,5.61,5.6,5.4,5.87,6.04,6.4
nastier,1207.32,0.333,24,48,7,2,2.5,1,12,56,248,16,95,14,313,32,3955,11,11,10,12186,3893,3.27,2.84,2.75,2.68,2.88,2.68,2.47,2.85,2.71,2.5,2.49,2.58,2.49,1.9,2.06,1.69
necessary,855.17,0.986,71,1,9,4,3.55,222,2899,18108,52166,2211,7193,2345,60899,6484,1660839,3062,956,2466,34525187,10521121,5.32,5.19,5.25,5,4.99,4.55,4.66,5.14,5.33,4.79,4.9,4.49,4.84,5.35,5.49,5.97
nerve,852.61,0.889,64,8,5,1,1.8,12,257,1349,8787,495,3560,1171,4196,943,64980,347,281,315,6594769,1418824,4.09,4.14,4.13,4.23,4.35,4.25,4.36,3.98,3.92,3.95,3.96,3.95,3.95,4.63,4.62,4.43
never,656.55,0.986,71,1,5,2,1.75,698,16068,55899,343708,13272,155547,69490,303028,81826,4611534,31167,33694,16965,63263794,21024377,5.82,5.94,5.74,5.82,5.77,5.89,6.13,5.84,5.77,5.89,5.91,6.03,5.68,5.61,5.79,5.91
nights,713.37,0.986,71,1,6,1,1.7,33,650,2797,17887,516,4792,1727,13905,5459,141292,1851,2261,1347,2311860,750813,4.5,4.54,4.44,4.53,4.36,4.38,4.53,4.5,4.26,4.72,4.68,4.86,4.58,4.17,4.34,5.17
noisier,1028.43,0.694,50,22,7,2,2.75,1,5,29,179,5,96,7,168,16,1478,8,3,5,25098,7463,3.27,2.51,2.47,2.54,2.43,2.68,2.19,2.58,2.28,2.21,2.37,2.11,2.23,2.21,2.34,2.69
normal,690.31,1,72,0,6,2,1.8,136,1683,12454,40982,3292,16247,3589,70982,7632,789221,4061,1754,1817,18679862,3969546,5.11,4.96,5.09,4.89,5.17,4.91,4.85,5.21,5.01,4.86,5.02,4.75,4.71,5.08,5.07,5.46
numbers,739.47,1,72,0,7,2,2.4,125,1624,11321,56658,2575,17070,2020,73323,8402,884063,2772,1417,4213,13035774,3781226,5.07,4.94,5.05,5.04,5.06,4.93,4.6,5.22,5.06,4.9,4.86,4.66,5.07,4.92,5.05,5.29
office,658.29,0.958,69,3,6,2,2.5,255,4460,25684,132108,5607,27400,10399,88401,27512,1695383,5838,6383,15291,20214695,5146943,5.38,5.38,5.41,5.4,5.4,5.13,5.31,5.3,5.34,5.42,5.18,5.31,5.63,5.12,5.18,5.54
older,673.64,0.972,70,2,5,2,1.6,93,1817,8970,60487,2259,11483,2135,37078,8216,335558,3426,1571,3219,10293131,2276405,4.95,4.99,4.95,5.06,5,4.76,4.62,4.93,4.63,4.89,4.95,4.7,4.96,4.82,4.83,5.03
opportunity,845.17,0.986,71,1,11,5,4.4,121,1286,10257,54328,1633,23806,2091,55800,11744,1883473,4406,2298,5040,11143226,3291895,5.06,4.84,5.01,5.02,4.86,5.07,4.61,5.1,5.38,5.05,5.06,4.87,5.15,4.86,4.99,5.63
orientation,1035.74,0.681,49,23,11,4,3.15,16,107,1049,11421,387,208,124,6855,832,88648,276,300,256,2985932,572945,4.2,3.76,4.02,4.34,4.24,3.02,3.39,4.19,4.06,3.9,3.86,3.98,3.86,4.28,4.23,2.74
outbreak,889.85,0.903,65,7,8,2,3.3,2,108,964,5118,182,1129,99,1023,407,23663,147,54,206,1098648,430212,3.45,3.77,3.98,3.99,3.91,3.75,3.29,3.37,3.48,3.59,3.59,3.24,3.77,3.85,4.1,3.83
pamper,938.65,0.278,20,52,6,2,1.7,1,8,32,258,12,98,26,88,96,1199,35,46,15,33525,14482,3.27,2.68,2.51,2.7,2.76,2.69,2.72,2.31,2.19,2.97,2.97,3.18,2.65,2.34,2.63,1.63
particle,1003.71,0.708,51,21,8,3,2.65,21,76,692,3285,194,609,91,5898,128,48983,71,26,31,2309533,664107,4.32,3.62,3.84,3.8,3.94,3.48,3.26,4.13,3.8,3.09,3.27,2.94,2.95,4.17,4.29,2.94
patron,963.88,0.639,46,26,6,2,1.85,4,104,783,3140,141,821,158,1673,676,16207,170,322,184,1055191,585868,3.67,3.75,3.89,3.78,3.8,3.61,3.49,3.58,3.32,3.81,3.65,4.01,3.72,3.83,4.24,3.03
peaches,878.24,0.986,71,1,7,2,1.7,1,57,132,2530,50,560,208,713,424,5697,211,108,105,310939,53832,3.27,3.49,3.12,3.69,3.36,3.44,3.61,3.21,2.86,3.61,3.74,3.54,3.47,3.3,3.2,3.4
pebble,895.75,0.194,14,58,6,2,2.05,1,85,193,1432,28,461,65,604,240,4579,65,49,126,194252,67842,3.27,3.66,3.28,3.44,3.11,3.36,3.11,3.14,2.77,3.36,3.23,3.2,3.55,3.1,3.3,1.54
perhaps,730.66,0.986,71,1,7,2,3,307,8487,35040,109700,4070,33844,6939,109435,13786,1087345,7962,1723,4101,24298632,9794299,5.46,5.66,5.54,5.32,5.26,5.22,5.13,5.4,5.15,5.12,5.32,4.74,5.06,5.2,5.46,5.69
perimeter,1104.57,0.361,26,46,9,4,3,1,83,453,3951,75,342,461,938,504,15764,100,55,349,474007,100523,3.27,3.65,3.65,3.88,3.53,3.23,3.96,3.33,3.31,3.68,3.42,3.25,3.99,3.49,3.47,1.71
periodic,1147.3,0.403,29,43,8,4,3.25,9,79,564,2946,187,406,21,4909,187,55650,73,21,93,1417087,272340,3.97,3.63,3.75,3.75,3.92,3.31,2.63,4.05,3.85,3.25,3.28,2.85,3.42,3.96,3.9,1.71
picking,759.72,0.986,71,1,7,2,1.7,14,485,2112,13798,462,7151,1658,8684,3548,94407,1349,1177,1022,1254018,293791,4.15,4.42,4.32,4.42,4.32,4.55,4.51,4.29,4.08,4.53,4.55,4.58,4.46,3.91,3.94,3.94
place,608.78,1,72,0,5,1,1.55,571,9768,48651,250949,8648,121307,30736,195199,51119,1964623,22960,11415,16744,64414262,23384089,5.73,5.72,5.68,5.68,5.59,5.78,5.78,5.65,5.4,5.69,5.78,5.56,5.67,5.62,5.84,5.91
played,689.04,0.972,70,2,6,1,1.7,104,2040,11262,64497,2523,36547,2870,66128,18702,467676,4500,3988,10214,8124198,2581331,4.99,5.04,5.05,5.09,5.05,5.26,4.75,5.18,4.78,5.25,5.07,5.11,5.46,4.72,4.88,5.37
pleasure,645.44,1,72,0,8,2,2.65,62,1495,5248,21569,550,9271,4118,16862,4652,160994,1779,2360,513,9075059,3952230,4.77,4.9,4.72,4.62,4.39,4.66,4.91,4.58,4.32,4.65,4.67,4.88,4.16,4.77,5.07,5.89
plunging,1020.33,0.639,46,26,8,2,2.15,3,73,295,1530,81,239,23,469,170,5847,53,12,105,321016,99729,3.57,3.6,3.47,3.47,3.56,3.08,2.67,3.03,2.88,3.21,3.15,2.62,3.47,3.32,3.47,3.03
plus,692.39,0.986,71,1,4,1,1.75,72,835,7921,40013,2676,12168,2399,99584,11011,1690275,4301,3223,3487,5196357,1276899,4.84,4.65,4.89,4.88,5.08,4.78,4.67,5.35,5.34,5.02,5.05,5.01,4.99,4.53,4.57,4.6
possession,929.7,0.917,66,6,10,3,2.7,21,508,2858,7577,217,3648,680,6706,2372,116671,474,213,1685,7346544,3137164,4.32,4.44,4.45,4.16,3.99,4.26,4.12,4.18,4.18,4.35,4.09,3.84,4.68,4.68,4.96,4.51
pound,766.02,0.917,66,6,5,1,1.55,28,769,6867,10508,461,6584,708,7611,1894,87738,827,407,660,3103192,772495,4.44,4.62,4.83,4.3,4.31,4.51,4.14,4.24,4.05,4.26,4.33,4.12,4.27,4.3,4.36,4.11
presidential,968.9,0.875,63,9,12,4,3.35,34,205,2135,32793,1443,1671,285,6168,4085,194633,621,404,3060,1558889,134510,4.52,4.04,4.33,4.8,4.81,3.92,3.75,4.15,4.4,4.59,4.21,4.11,4.94,4,3.6,4.2
prevent,708.82,0.986,71,1,7,2,1.9,83,1028,6769,31753,1321,4533,666,29122,4212,537956,1550,495,2167,11092299,3245265,4.9,4.74,4.83,4.78,4.77,4.35,4.12,4.82,4.84,4.6,4.61,4.2,4.79,4.85,4.98,5.6
probably,738.37,0.986,71,1,8,3,2.9,261,5151,27303,129447,9956,78443,14323,205006,27977,1667982,12585,8606,6786,23907195,8171760,5.39,5.44,5.43,5.39,5.65,5.59,5.45,5.67,5.33,5.43,5.51,5.44,5.28,5.19,5.38,5.97
problems,656.71,0.972,70,2,8,2,2.8,247,4268,27495,120169,4275,30529,3931,193241,13129,1396392,4503,2876,5750,26075633,5374864,5.37,5.36,5.43,5.36,5.28,5.18,4.89,5.64,5.25,5.1,5.07,4.96,5.21,5.23,5.2,6.2
products,744.46,1,72,0,8,2,2.4,108,779,10610,48632,2719,5743,312,94325,9206,1165455,3861,1805,3540,12305956,2618568,5.01,4.62,5.02,4.97,5.08,4.45,3.79,5.33,5.18,4.94,5,4.76,5,4.9,4.89,5.4
proposals,1012.69,0.861,62,10,9,3,3.6,29,567,6829,10025,572,5441,74,9716,1637,112606,310,189,1138,2058051,830218,4.45,4.48,4.83,4.28,4.41,4.43,3.17,4.34,4.16,4.19,3.91,3.78,4.51,4.12,4.39,4.43
prototype,1119.79,0.222,16,56,9,3,3.95,3,83,678,3400,116,620,169,5936,349,54339,114,94,141,727952,221617,3.57,3.65,3.83,3.81,3.72,3.49,3.52,4.13,3.84,3.52,3.48,3.48,3.6,3.67,3.81,2.09
provides,764.4,1,72,0,8,2,2.2,81,711,8364,38516,1926,2839,137,44337,4515,2222310,1799,413,2303,9788895,2129942,4.89,4.58,4.92,4.87,4.93,4.15,3.43,5,5.46,4.63,4.67,4.12,4.81,4.8,4.8,5.49
punched,892.27,0.903,65,7,7,1,1.7,1,100,475,3316,58,881,282,2435,1081,18245,484,223,374,454706,66742,3.27,3.73,3.67,3.8,3.42,3.64,3.74,3.74,3.37,4.01,4.1,3.85,4.02,3.47,3.29,3.69
purchases,946.65,0.972,70,2,9,3,3.15,16,79,873,4974,240,862,54,4675,1358,42944,464,182,712,1288433,252086,4.2,3.63,3.94,3.98,4.03,3.63,3.03,4.03,3.74,4.11,4.08,3.77,4.3,3.92,3.87,4.29
purest,1051.65,0.667,48,24,6,2,1.95,3,44,150,755,21,146,49,540,97,6010,59,22,16,505779,212873,3.57,3.38,3.17,3.16,2.99,2.86,2.99,3.09,2.89,2.97,3.19,2.87,2.68,3.51,3.8,2.69
quarter,872.74,0.944,68,4,7,2,2.1,34,967,7464,26052,1139,10074,1327,11705,9011,136996,1132,1265,6614,5365324,2133816,4.52,4.72,4.87,4.7,4.71,4.7,4.41,4.42,4.25,4.93,4.47,4.61,5.27,4.54,4.8,4.6
quieter,926.73,0.75,54,18,7,2,2.4,4,83,401,1793,61,887,71,934,252,7849,108,40,104,200412,72976,3.67,3.65,3.6,3.54,3.44,3.64,3.15,3.33,3,3.38,3.45,3.12,3.47,3.11,3.33,2.66
reasonably,924.06,0.986,71,1,10,4,3.15,34,508,3061,5758,350,2233,118,11375,792,93703,464,78,250,2389168,749362,4.52,4.44,4.48,4.04,4.19,4.04,3.37,4.41,4.08,3.88,4.08,3.4,3.85,4.19,4.34,4.29
received,715.88,1,72,0,8,2,2.1,163,1500,13276,57388,2436,8989,1436,60413,12349,2969226,4391,1492,6466,23163794,8249409,5.19,4.91,5.12,5.04,5.04,4.65,4.45,5.14,5.58,5.07,5.06,4.68,5.26,5.17,5.38,4.97
reef,845.43,0.597,43,29,4,1,1.7,11,123,529,2976,91,1235,204,2981,257,15743,102,43,112,463997,170880,4.05,3.82,3.72,3.76,3.61,3.79,3.6,3.83,3.31,3.39,3.43,3.15,3.5,3.48,3.7,2.2
relating,817.97,0.972,70,2,8,3,1.9,20,193,3674,4829,334,1185,58,8251,620,111340,388,71,161,3692017,1549158,4.3,4.02,4.56,3.97,4.17,3.77,3.06,4.27,4.16,3.77,4,3.36,3.66,4.38,4.66,4.29
relationship,906.75,0.986,71,1,12,4,4.5,88,1711,12888,78139,2422,14492,3452,33496,10453,412891,4897,2556,3000,16336862,3780566,4.92,4.96,5.11,5.18,5.03,4.86,4.83,4.88,4.72,5,5.1,4.91,4.93,5.02,5.05,5.77
requires,806.45,0.986,71,1,8,2,2.55,57,628,5270,29936,1419,2460,489,46800,3962,724031,1415,527,2020,9780931,2372970,4.74,4.53,4.72,4.76,4.8,4.09,3.98,5.03,4.97,4.58,4.57,4.23,4.76,4.8,4.84,5.14
response,751.68,1,72,0,8,2,2.55,77,1250,9984,63287,4180,9788,821,77995,7883,810812,2926,1807,3150,15098940,3104288,4.86,4.83,4.99,5.08,5.27,4.69,4.21,5.25,5.02,4.88,4.88,4.76,4.95,4.99,4.96,5.34
responsible,796.81,1,72,0,11,4,3.55,71,1350,9429,35235,1792,9946,2298,47150,4523,1682694,1800,615,2108,8858908,2362901,4.83,4.86,4.97,4.83,4.9,4.69,4.65,5.03,5.33,4.63,4.67,4.29,4.77,4.76,4.84,5.37
reveal,824.86,0.903,65,7,6,2,1.85,30,432,2668,17285,600,11778,476,7720,2161,138486,1146,291,724,3467966,850512,4.46,4.37,4.42,4.52,4.43,4.77,3.97,4.24,4.25,4.31,4.47,3.97,4.31,4.35,4.4,4.8
revival,934.96,0.764,55,17,7,3,2.55,8,172,1198,5018,209,1073,60,1931,732,24911,244,115,373,1386133,493871,3.93,3.97,4.07,3.98,3.97,3.73,3.08,3.64,3.51,3.84,3.8,3.57,4.02,3.95,4.16,4
ribbon,812.82,0.833,60,12,6,2,2.65,12,105,669,4098,97,765,258,3592,2458,25192,1958,147,353,781558,203613,4.09,3.75,3.82,3.9,3.64,3.58,3.71,3.91,3.51,4.37,4.71,3.67,4,3.7,3.78,3.49
richest,745.3,0.972,70,2,7,2,2.65,5,143,516,3034,102,1279,206,987,391,34305,152,91,148,796627,301736,3.75,3.89,3.71,3.76,3.66,3.8,3.61,3.35,3.64,3.57,3.6,3.47,3.62,3.71,3.95,3.69
right,599.43,1,72,0,5,1,1.45,613,14779,87633,588451,31587,463884,204428,388384,102522,4632817,34143,46133,22246,64889210,17626140,5.76,5.9,5.94,6.05,6.15,6.36,6.6,5.95,5.77,5.99,5.95,6.17,5.8,5.62,5.71,6.34
rises,715.86,0.986,71,1,5,2,1.5,20,344,1821,8307,219,2734,205,2534,855,35912,361,174,320,2648841,997084,4.3,4.27,4.26,4.2,3.99,4.13,3.61,3.76,3.66,3.91,3.97,3.75,3.96,4.23,4.47,4.94
roast,703.07,0.972,70,2,5,1,1.75,10,151,551,5204,128,3083,499,1484,1460,21605,634,330,496,505609,140324,4.01,3.91,3.74,4,3.76,4.18,3.99,3.53,3.44,4.14,4.22,4.02,4.15,3.51,3.62,3.74
room,628.94,1,72,0,4,1,1.4,383,8249,30920,199239,4579,79926,22415,85138,32959,806481,14131,8152,10676,30602915,7829656,5.56,5.65,5.49,5.58,5.31,5.6,5.64,5.29,5.02,5.5,5.57,5.42,5.48,5.3,5.36,5.83
rough,694.15,1,72,0,5,1,1.7,41,774,3526,15842,562,5794,1907,10148,3170,101765,1241,1140,789,4176798,1445875,4.6,4.62,4.54,4.48,4.4,4.46,4.57,4.36,4.12,4.48,4.51,4.56,4.35,4.43,4.63,4.54
ruler,783.48,0.972,70,2,5,2,1.8,3,137,893,2645,108,864,162,2703,394,66668,275,41,78,1659585,612703,3.57,3.87,3.95,3.7,3.69,3.63,3.5,3.79,3.93,3.58,3.86,3.13,3.35,4.03,4.26,3.4
running,637.18,1,72,0,7,2,1.8,123,2925,14000,85149,2673,36784,8054,145182,21758,965249,7493,6071,8194,9606337,2614118,5.07,5.2,5.14,5.21,5.08,5.26,5.2,5.52,5.09,5.32,5.29,5.29,5.36,4.79,4.89,4.94
sadism,1155.29,0.264,19,53,6,3,2.35,3,28,63,278,11,32,9,311,26,4709,15,4,7,102908,25598,3.57,3.19,2.8,2.73,2.73,2.21,2.29,2.85,2.78,2.41,2.62,2.2,2.35,2.82,2.88,2.03
sat,803.17,0.931,67,5,3,1,1,150,4085,12176,66742,981,10079,1459,33312,9135,1122774,3578,3301,2256,10555338,2875619,5.15,5.34,5.08,5.11,4.64,4.7,4.46,4.88,5.16,4.94,4.97,5.02,4.8,4.83,4.93,5.2
saying,661.63,1,72,0,6,2,1.5,113,3811,18503,134179,5558,72475,14874,95390,22840,1319002,7745,7361,7734,12033147,3903371,5.03,5.31,5.26,5.41,5.39,5.56,5.46,5.34,5.23,5.34,5.3,5.37,5.34,4.89,5.06,5.51
second,641.54,0.986,71,1,6,2,2.45,373,6089,41454,182573,7769,82060,14513,150377,36886,1326721,11863,5886,19137,42738935,13247314,5.55,5.51,5.61,5.54,5.54,5.61,5.45,5.53,5.23,5.55,5.49,5.27,5.73,5.44,5.59,5.94
security,805.97,0.986,71,1,8,4,2.8,91,2095,13837,105714,5198,16272,4810,62549,10854,2033646,3092,1372,6390,9340223,2490207,4.94,5.05,5.14,5.31,5.37,4.91,4.97,5.15,5.42,5.01,4.91,4.64,5.26,4.78,4.86,5.34
seems,684.23,0.986,71,1,5,1,1.6,259,4342,21194,99522,6763,41118,8545,164633,21861,1408035,11064,5900,4897,25673954,9754231,5.39,5.37,5.32,5.28,5.48,5.31,5.22,5.57,5.26,5.32,5.46,5.28,5.14,5.22,5.46,5.74
selection,755.65,0.986,71,1,9,3,2,39,539,6038,19276,1743,3640,232,23385,3805,239405,1398,664,1743,6503831,1547949,4.57,4.46,4.78,4.57,4.89,4.26,3.66,4.73,4.49,4.56,4.56,4.33,4.69,4.62,4.66,3.89
sent,661.49,0.972,70,2,4,1,1.15,145,2755,13715,59416,2185,20912,7038,91673,13893,3272319,4702,4310,4881,21082803,8687711,5.14,5.17,5.13,5.06,4.99,5.02,5.14,5.32,5.62,5.12,5.09,5.14,5.14,5.13,5.41,4.97
sentencing,1113.33,0.569,41,31,10,3,3.25,1,25,564,3078,192,768,70,980,807,22362,78,39,690,241399,65990,3.27,3.14,3.75,3.77,3.94,3.58,3.14,3.35,3.46,3.89,3.31,3.11,4.29,3.19,3.29,2.6
separating,1063.4,0.819,59,13,10,4,2.75,7,105,607,3254,144,630,66,1638,326,17969,161,37,128,1144552,331140,3.88,3.75,3.78,3.79,3.81,3.5,3.12,3.57,3.36,3.49,3.62,3.08,3.56,3.87,3.99,3.34
services,787.36,0.972,70,2,8,3,2.6,139,1656,24928,86096,4870,22383,1053,132688,14523,2129995,3800,2019,8704,17152504,4704986,5.12,4.95,5.39,5.22,5.34,5.05,4.31,5.48,5.44,5.14,4.99,4.81,5.39,5.04,5.14,4.83
session,797.56,0.847,61,11,7,2,2.15,80,461,4421,20091,508,4335,678,27845,8398,170463,2007,3818,2573,4890949,1065133,4.88,4.39,4.64,4.59,4.36,4.33,4.12,4.8,4.34,4.9,4.72,5.09,4.86,4.5,4.5,3.77
shorter,735.55,0.986,71,1,7,2,1.9,19,316,1791,8491,497,1670,300,7682,1290,59994,576,308,406,2562294,751333,4.27,4.23,4.25,4.21,4.35,3.92,3.77,4.24,3.89,4.09,4.18,3.99,4.06,4.22,4.34,4.49
shout,762.18,0.944,68,4,5,1,1.55,9,356,1478,4695,98,5415,839,3285,5690,376205,585,4957,148,1110349,352920,3.97,4.28,4.17,3.95,3.65,4.43,4.22,3.87,4.68,4.73,4.18,5.2,3.62,3.86,4.02,4.89
silence,733.24,0.944,68,4,7,2,2.4,52,1633,5939,27804,487,4261,1294,9662,2756,156504,1434,789,533,6239871,1987958,4.7,4.94,4.77,4.73,4.34,4.33,4.4,4.34,4.3,4.42,4.57,4.4,4.18,4.6,4.77,5.34
slam,818.15,0.653,47,25,4,1,1.2,3,55,456,4170,203,2195,296,4231,1120,40456,250,418,452,160956,24616,3.57,3.48,3.66,3.9,3.96,4.04,3.76,3.98,3.72,4.03,3.81,4.13,4.11,3.02,2.86,2.83
slaughter,926.23,0.542,39,33,9,2,3.15,10,227,537,3714,131,903,278,2785,483,66522,215,97,171,953014,420934,4.01,4.09,3.73,3.85,3.77,3.65,3.74,3.8,3.93,3.66,3.75,3.5,3.68,3.79,4.09,3.2
slow,651.63,0.972,70,2,4,1,1.25,60,1424,5895,36470,1124,12919,3877,43719,8032,285193,2812,2918,2302,7319375,1952838,4.76,4.88,4.77,4.84,4.7,4.81,4.88,5,4.56,4.88,4.86,4.97,4.81,4.67,4.76,5.69
sometimes,814.29,0.986,71,1,9,2,3.65,221,5226,20518,110806,4539,36121,9129,82167,23777,910377,10733,7850,5194,23709806,8006166,5.32,5.45,5.31,5.33,5.31,5.25,5.25,5.27,5.07,5.35,5.45,5.4,5.17,5.18,5.37,6.4
south,784.33,0.847,61,11,5,1,1.85,240,1291,23172,118205,4178,46056,3288,66282,19073,770213,5947,3340,9786,9832210,4491660,5.35,4.84,5.36,5.35,5.27,5.36,4.81,5.18,5,5.26,5.19,5.03,5.44,4.8,5.12,5.37
square,750.82,0.986,71,1,6,1,1.85,143,1652,7075,37550,1743,12140,1620,19004,7570,296009,2288,1432,3850,9562750,2878738,5.13,4.95,4.85,4.86,4.89,4.78,4.5,4.63,4.58,4.86,4.77,4.66,5.04,4.79,4.93,4.09
stakes,914.44,0.694,50,22,6,1,1.6,5,149,972,5694,197,1613,249,1902,890,28403,257,78,555,597930,164297,3.75,3.91,3.98,4.04,3.95,3.9,3.69,3.64,3.56,3.93,3.83,3.4,4.19,3.59,3.68,3.06
stamp,743.95,0.875,63,9,5,1,1.7,8,243,1436,4426,202,3227,302,6821,3324,56439,2806,222,296,1288841,478429,3.93,4.12,4.15,3.93,3.96,4.2,3.77,4.19,3.86,4.5,4.86,3.85,3.92,3.92,4.15,3.86
starting,789.23,1,72,0,8,2,1.7,68,936,6415,46705,2145,22260,3558,53738,18060,509672,4910,6926,6224,5045360,1364968,4.81,4.7,4.8,4.95,4.98,5.04,4.84,5.09,4.82,5.24,5.11,5.35,5.24,4.51,4.6,4.09
state,660.75,0.958,69,3,5,1,1.35,808,5299,39112,331685,10889,33877,5500,199232,71894,2831431,10728,6941,54225,56233748,14526694,5.88,5.45,5.59,5.8,5.69,5.23,5.03,5.66,5.56,5.84,5.45,5.35,6.18,5.56,5.63,5.51
statistics,978.97,0.917,66,6,10,3,3.5,22,324,3213,17255,810,3535,167,19190,1854,206466,652,216,986,3118913,715562,4.33,4.24,4.5,4.52,4.56,4.24,3.52,4.64,4.42,4.25,4.23,3.84,4.44,4.3,4.32,4.06
steady,709.46,0.972,70,2,6,2,1.9,41,708,2898,15665,447,6780,1158,5385,1951,62340,710,310,931,3713476,1025615,4.6,4.58,4.46,4.48,4.3,4.53,4.36,4.09,3.9,4.27,4.27,4,4.42,4.38,4.48,4.69
stories,714.65,1,72,0,7,2,1.85,59,1098,4757,61110,3033,15006,2215,40302,12068,368421,6731,2276,3061,8168720,1813483,4.75,4.77,4.67,5.07,5.13,4.87,4.64,4.96,4.68,5.06,5.24,4.86,4.94,4.72,4.73,5.34
strain,834.65,0.875,63,9,6,1,1.75,31,604,2559,9473,1102,2002,361,9705,1250,45749,445,162,643,4159204,1341732,4.48,4.51,4.4,4.26,4.69,4,3.85,4.34,3.77,4.08,4.06,3.72,4.26,4.43,4.6,3.11
strongest,826.54,0.986,71,1,9,2,2.8,20,235,1019,6804,240,10752,242,3526,1028,52115,351,195,482,1808668,638990,4.3,4.1,4,4.12,4.03,4.73,3.68,3.9,3.83,3.99,3.96,3.8,4.13,4.07,4.27,4.29
student,626.1,1,72,0,7,2,2.75,131,1866,7659,103798,1854,8117,2195,56461,12014,300662,3012,3219,5783,12321440,2002033,5.09,5,4.88,5.3,4.92,4.6,4.63,5.11,4.59,5.06,4.89,5.01,5.21,4.9,4.77,6.03
successor,984.69,0.722,52,20,9,3,3.15,16,135,1444,4246,209,623,85,2147,491,32938,133,21,337,1877238,884225,4.2,3.86,4.16,3.91,3.97,3.49,3.23,3.69,3.63,3.67,3.54,2.85,3.98,4.08,4.41,3.06
sung,927.91,0.667,48,24,4,1,1.3,18,106,647,3112,116,1631,178,3763,736,29654,383,128,225,1405749,626990,4.25,3.76,3.81,3.78,3.72,3.91,3.54,3.93,3.58,3.85,4,3.62,3.8,3.96,4.27,3.31
surprise,684.25,1,72,0,8,2,2.65,51,1089,5337,30771,971,17997,4534,17697,6964,211969,2995,1770,2199,4572620,1495664,4.69,4.77,4.72,4.77,4.64,4.95,4.95,4.6,4.44,4.82,4.89,4.75,4.79,4.47,4.64,5.97
surveillance,1070.55,0.389,28,44,12,3,5.7,6,122,783,8803,341,1451,952,2644,921,194977,256,67,598,743325,218911,3.82,3.82,3.89,4.23,4.18,3.86,4.27,3.78,4.4,3.94,3.82,3.34,4.23,3.68,3.81,3.26
tagging,896.65,0.639,46,26,7,2,1.7,1,18,96,1128,22,219,46,483,248,7122,76,138,34,73737,12340,3.27,3.01,2.98,3.34,3.01,3.04,2.96,3.04,2.96,3.38,3.3,3.65,2.99,2.68,2.56,2.69
taxes,801.46,0.931,67,5,5,2,1.7,45,387,2825,34385,1806,4697,497,24494,6933,302877,1080,1018,4835,5188030,858752,4.64,4.32,4.45,4.82,4.91,4.37,3.99,4.75,4.59,4.82,4.45,4.51,5.13,4.52,4.4,4.4
tear,675.84,0.972,70,2,4,1,1,11,322,1181,8795,255,3402,1377,6617,2374,59281,883,853,638,2047903,638568,4.05,4.24,4.07,4.23,4.06,4.23,4.43,4.18,3.88,4.35,4.36,4.44,4.25,4.12,4.27,4.66
telescope,917.49,0.806,58,14,9,3,3.35,4,113,477,12105,62,1920,150,3324,198,26508,93,28,77,793350,251181,3.67,3.79,3.67,4.37,3.45,3.98,3.47,3.88,3.53,3.28,3.39,2.97,3.34,3.71,3.87,3.23
territories,1041.8,0.778,56,16,11,4,3.9,9,160,1383,4842,151,634,61,3000,247,69182,154,16,77,1673191,660366,3.97,3.94,4.14,3.97,3.83,3.5,3.08,3.83,3.95,3.37,3.61,2.74,3.34,4.03,4.29,4.03
terror,708.57,0.958,69,3,6,2,2.5,25,491,1512,15850,400,2322,459,8576,1321,447790,732,151,438,2711179,985449,4.39,4.42,4.18,4.48,4.25,4.06,3.95,4.29,4.76,4.1,4.28,3.69,4.09,4.24,4.46,5.03
textual,940.62,0.639,46,26,7,2,2.85,2,16,389,2431,40,20,0,1250,78,20415,44,28,6,527586,194213,3.45,2.96,3.59,3.67,3.26,2.02,1.29,3.45,3.42,2.88,3.07,2.97,2.29,3.53,3.76,2.83
theme,768.82,0.944,68,4,5,1,1.7,55,496,3857,18772,794,6385,710,14345,5766,101832,3118,1280,1368,4364911,1250589,4.72,4.43,4.58,4.56,4.55,4.5,4.14,4.51,4.12,4.74,4.91,4.61,4.59,4.45,4.57,5.06
thieves,844.46,0.917,66,6,7,1,2.5,9,93,954,3034,89,1473,464,2461,535,57544,218,100,217,673727,269335,3.97,3.7,3.98,3.76,3.6,3.86,3.96,3.75,3.87,3.71,3.76,3.51,3.79,3.64,3.9,4.14
those,710.48,0.847,61,11,5,1,1.8,850,15819,88863,500858,20337,175436,38404,415648,88810,6170831,37676,20054,31080,106305903,37544043,5.9,5.93,5.94,5.98,5.96,5.94,5.88,5.97,5.9,5.93,5.99,5.81,5.94,5.84,6.04,6.43
thought,667.55,0.986,71,1,7,1,2.1,515,12866,56883,239322,9530,139551,41232,174954,44457,1878622,21227,14783,8447,49459553,15836060,5.69,5.84,5.75,5.66,5.63,5.84,5.91,5.6,5.38,5.63,5.74,5.67,5.38,5.5,5.67,5.94
tile,861.76,0.556,40,32,4,1,1.1,16,58,394,3581,81,729,108,1327,714,20330,328,143,243,804775,149178,4.2,3.5,3.59,3.84,3.56,3.56,3.33,3.48,3.42,3.83,3.93,3.66,3.84,3.72,3.64,3
till,734.32,0.875,63,9,4,1,1.05,50,1372,5579,13411,695,13700,8503,17332,8021,251043,2174,5593,254,11736927,7396817,4.68,4.87,4.74,4.41,4.49,4.83,5.22,4.59,4.51,4.88,4.75,5.25,3.86,4.88,5.34,5.66
today,589.81,1,72,0,5,2,1.95,284,4123,26343,240370,8691,183044,22124,103604,118997,3537700,25223,76505,17269,11591597,1969444,5.43,5.34,5.42,5.66,5.59,5.96,5.64,5.37,5.66,6.05,5.82,6.39,5.69,4.87,4.76,6.6
together,678.15,1,72,0,8,3,3,267,6555,24960,159340,5096,80863,19553,90238,32693,853230,15925,7868,8900,32703686,11086316,5.4,5.55,5.39,5.48,5.36,5.6,5.58,5.31,5.04,5.49,5.62,5.4,5.4,5.32,5.51,6
tolerance,958.03,0.958,69,3,9,3,3.1,9,175,726,6651,302,779,130,5156,711,97304,354,143,214,1846137,389878,3.97,3.97,3.86,4.11,4.13,3.59,3.41,4.07,4.1,3.83,3.97,3.66,3.78,4.08,4.06,4.71
torches,985.45,0.611,44,28,7,2,2.15,2,53,239,875,16,379,60,409,106,5115,52,26,28,329314,138381,3.45,3.46,3.38,3.22,2.88,3.28,3.08,2.97,2.82,3.01,3.14,2.94,2.91,3.33,3.61,2.8
total,684.41,0.972,70,2,5,2,1.9,211,2436,17568,72731,4760,18948,1920,70437,10461,1014670,3750,1796,4915,21659373,5052106,5.3,5.12,5.24,5.14,5.33,4.97,4.58,5.2,5.12,5,4.99,4.76,5.14,5.15,5.17,5.2
touchy,890.5,0.458,33,39,6,2,2.25,1,50,101,747,43,323,160,810,133,7812,55,38,40,97387,21763,3.27,3.44,3,3.16,3.29,3.21,3.5,3.27,3,3.11,3.16,3.1,3.06,2.8,2.81,2
toxicology,1187,0.167,12,60,10,5,4.05,0,8,40,655,25,98,53,604,113,13850,36,3,74,91398,15342,2.97,2.68,2.61,3.1,3.06,2.69,3.02,3.14,3.25,3.04,2.98,2.11,3.32,2.77,2.65,1.57
tragedies,1091.74,0.736,53,19,9,3,3.65,7,40,196,1700,58,336,50,504,217,11272,95,27,95,466507,170540,3.88,3.34,3.29,3.51,3.42,3.22,3,3.06,3.16,3.32,3.4,2.95,3.43,3.48,3.7,4.23
trail,835.41,0.764,55,17,5,1,1.6,31,304,1397,26365,449,3767,979,11055,4852,86324,1498,586,2768,2140711,261754,4.48,4.21,4.14,4.7,4.3,4.27,4.28,4.4,4.04,4.66,4.59,4.27,4.89,4.14,3.89,3.57
transport,762.9,1,72,0,9,2,2.65,18,954,8580,8812,603,8391,571,12959,1148,110589,594,109,445,3717344,1680599,4.25,4.71,4.93,4.23,4.43,4.62,4.05,4.47,4.15,4.04,4.19,3.55,4.1,4.38,4.69,4.63
trouble,648.99,0.986,71,1,7,2,2.5,134,2631,9287,46353,1694,24365,11401,49725,7137,505017,2586,2146,2405,8773438,2701140,5.1,5.15,4.96,4.95,4.88,5.08,5.35,5.05,4.81,4.83,4.83,4.84,4.83,4.75,4.9,5.63
turned,698.77,0.972,70,2,6,1,1.85,320,5815,24665,132057,2944,28415,5388,51056,16281,587767,7732,2492,6057,21914965,5721110,5.48,5.49,5.39,5.4,5.12,5.15,5.02,5.06,4.88,5.19,5.3,4.9,5.23,5.15,5.23,4.94
twist,736.31,0.944,68,4,5,1,1.85,18,238,1180,7956,277,5093,643,9435,1971,69003,971,394,606,882283,247741,4.25,4.11,4.07,4.18,4.09,4.4,4.1,4.33,3.95,4.27,4.4,4.1,4.23,3.76,3.86,4.2
type,631.54,1,72,0,4,1,1.8,200,1678,17315,58589,5199,17089,3093,157464,10494,2584647,5004,2982,2508,28402061,6342147,5.28,4.95,5.23,5.05,5.37,4.93,4.78,5.55,5.52,5,5.11,4.98,4.85,5.26,5.27,5.49
uglier,1094.56,0.361,26,46,6,2,2.8,2,9,29,346,15,69,49,349,101,6268,25,58,18,40907,13662,3.45,2.73,2.47,2.82,2.85,2.54,2.99,2.9,2.91,2.99,2.83,3.28,2.73,2.42,2.6,2.23
uncover,815.96,0.986,71,1,7,3,2.75,4,28,255,2378,66,971,98,941,287,15904,164,28,95,345942,73696,3.67,3.19,3.4,3.66,3.48,3.68,3.29,3.33,3.31,3.44,3.63,2.97,3.43,3.35,3.34,4.26
under,630.31,0.986,71,1,5,2,1.9,707,9922,61033,239108,10291,79455,13358,250435,34972,3283800,12762,5140,17070,85585918,29206798,5.82,5.73,5.78,5.66,5.66,5.6,5.42,5.75,5.63,5.52,5.52,5.22,5.68,5.74,5.93,6.49
understand,770,1,72,0,10,3,2.65,137,3612,15502,110734,3520,42216,24605,107528,16968,1597665,7790,5355,3823,18341993,4974203,5.11,5.29,5.19,5.33,5.2,5.32,5.68,5.39,5.31,5.21,5.31,5.23,5.03,5.07,5.17,6.2
universities,1027.69,0.847,61,11,12,5,4.35,32,832,2678,15060,315,3856,71,8791,1610,71269,449,176,985,2515791,660703,4.49,4.65,4.42,4.46,4.15,4.28,3.15,4.3,3.96,4.19,4.07,3.75,4.44,4.21,4.29,5.86
unless,743.55,0.986,71,1,6,2,2.3,101,2205,11011,35386,2364,12066,5798,97713,8087,2395949,3271,2703,2113,12232979,3818101,4.98,5.07,5.04,4.83,5.02,4.78,5.06,5.35,5.49,4.89,4.93,4.94,4.77,4.9,5.05,5.63
upbringing,946.08,0.556,40,32,10,3,3.5,1,91,464,1797,72,573,59,867,287,10837,173,22,92,261529,95189,3.27,3.69,3.66,3.54,3.51,3.45,3.07,3.29,3.14,3.44,3.66,2.87,3.42,3.23,3.45,2.57
visitor,776.5,0.958,69,3,7,3,2.6,13,408,2188,7560,256,1879,446,2636,948,37648,308,151,489,1429961,557050,4.12,4.34,4.34,4.16,4.06,3.97,3.94,3.78,3.68,3.96,3.9,3.69,4.14,3.96,4.21,4.63
vocal,819.48,0.778,56,16,5,2,1.8,14,96,761,7056,166,1405,151,5625,1491,48930,502,335,654,1539586,382620,4.15,3.72,3.88,4.13,3.87,3.84,3.47,4.11,3.8,4.15,4.12,4.03,4.27,4,4.05,3.37
vulnerable,988.55,0.583,42,30,10,4,3.65,14,400,2453,14014,366,6109,437,4044,1490,71695,632,111,747,1451772,416017,4.15,4.33,4.39,4.43,4.21,4.48,3.93,3.96,3.96,4.15,4.22,3.55,4.32,3.97,4.09,3.77
walk,621.74,0.972,70,2,4,1,1.7,100,2164,10441,62950,2044,31343,11009,33093,17270,687317,7122,5995,4153,7826933,2425064,4.98,5.06,5.01,5.08,4.96,5.19,5.33,4.88,4.95,5.22,5.27,5.28,5.07,4.7,4.85,5.89
wavy,910.19,0.611,44,28,4,2,1.75,2,37,146,1162,14,269,28,661,162,13095,78,54,30,252160,84310,3.45,3.31,3.16,3.35,2.83,3.13,2.75,3.18,3.23,3.19,3.31,3.24,2.94,3.21,3.39,3
way,598.71,0.972,70,2,3,1,1,909,21570,96280,545164,20550,264662,72661,490087,112128,5139630,47092,36863,28173,90010010,27818168,5.93,6.06,5.98,6.02,5.96,6.12,6.15,6.05,5.82,6.03,6.09,6.07,5.9,5.76,5.91,6.4
weapon,706.11,1,72,0,6,2,2.45,42,431,1982,14475,397,3940,2379,19739,2032,202600,758,279,995,2001130,604624,4.61,4.36,4.29,4.44,4.25,4.29,4.67,4.65,4.42,4.29,4.3,3.95,4.45,4.11,4.25,4.69
weekend,808.51,0.986,71,1,7,2,2.6,27,578,6315,38439,1901,18955,3118,24127,36266,236140,8635,22633,4998,922492,161914,4.42,4.49,4.8,4.87,4.93,4.97,4.79,4.74,4.48,5.54,5.35,5.86,5.15,3.77,3.68,6.09
weird,734.15,0.764,55,17,5,1,1.85,10,129,1085,11333,1261,11273,5156,16200,8107,465471,2431,5092,584,632084,132814,4.01,3.84,4.03,4.34,4.75,4.75,5,4.57,4.78,4.89,4.8,5.21,4.22,3.61,3.59,4.49
welcome,662.76,1,72,0,7,2,2.7,50,738,6513,40314,918,52417,9140,55024,17883,402552,3014,13092,1777,3436523,1331505,4.68,4.6,4.81,4.89,4.61,5.41,5.25,5.1,4.71,5.23,4.89,5.62,4.7,4.35,4.59,5.86
went,664.35,0.917,66,6,4,1,1.2,507,12396,48338,213274,8028,96802,20987,115581,43477,1258870,19736,10216,13525,40175822,12383360,5.68,5.82,5.68,5.61,5.55,5.68,5.61,5.42,5.21,5.62,5.71,5.51,5.58,5.41,5.56,6.11
wide,673.28,0.986,71,1,4,1,1.25,125,1748,12131,47914,1637,10770,1214,63297,6667,715020,2551,1126,2990,14709712,4276856,5.07,4.97,5.08,4.96,4.86,4.73,4.38,5.16,4.96,4.8,4.82,4.56,4.93,4.98,5.1,5.37
withhold,970.3,0.75,54,18,8,2,3.6,2,36,232,1304,83,121,53,851,186,16999,56,23,107,476521,136253,3.45,3.3,3.36,3.4,3.57,2.78,3.02,3.29,3.34,3.25,3.17,2.88,3.48,3.49,3.6,3.11
wonder,727.55,0.986,71,1,6,2,1.7,67,1612,6579,37344,2194,22975,5966,51799,13192,625167,5062,6390,1740,6093872,2054015,4.81,4.94,4.81,4.85,4.99,5.06,5.07,5.07,4.9,5.1,5.12,5.31,4.69,4.59,4.78,5.37
work,594.23,0.986,71,1,4,1,1.5,760,14931,91354,413408,18198,195874,40699,451298,105984,6999064,37194,42153,26637,99189308,29201275,5.85,5.9,5.96,5.9,5.91,5.99,5.9,6.01,5.95,6,5.99,6.13,5.87,5.81,5.93,6.26
worn,830.94,0.889,64,8,4,1,1.3,23,627,2099,11688,335,3645,514,8275,1974,71811,1201,356,417,3563402,1290057,4.35,4.53,4.32,4.35,4.18,4.26,4,4.27,3.97,4.27,4.49,4.06,4.07,4.36,4.58,4.14
worthiest,1074.69,0.75,54,18,9,3,3.35,2,0,4,20,2,5,3,4,3,71,0,1,2,47682,32698,3.45,1.73,1.69,1.6,2.13,1.47,1.89,1.06,0.97,1.58,1.41,1.81,1.93,2.49,2.98,2.43
wound,794.98,0.931,67,5,5,1,1.55,28,435,2161,12731,456,2553,1353,6139,1600,71180,612,136,852,4231101,1253567,4.44,4.37,4.33,4.39,4.31,4.1,4.42,4.14,3.96,4.18,4.2,3.64,4.38,4.44,4.57,3.8
yarn,849.47,0.556,40,32,4,1,1.6,14,24,877,1319,56,279,81,3131,1013,9689,862,91,60,652709,203873,4.15,3.13,3.94,3.4,3.41,3.14,3.21,3.85,3.1,3.98,4.35,3.47,3.23,3.62,3.78,2.69
year,613.79,0.917,66,6,4,1,1.2,660,9105,73778,409673,18345,167410,14174,246566,120986,3822243,33368,28092,59526,55996450,16548204,5.79,5.69,5.86,5.89,5.91,5.92,5.44,5.75,5.69,6.06,5.94,5.95,6.22,5.56,5.69,6.06
yes,582.51,1,72,0,3,1,1.7,144,13855,60612,220653,8737,344989,101835,197092,44563,2165361,12206,28504,3853,4194375,885022,5.13,5.87,5.78,5.63,5.59,6.23,6.3,5.65,5.44,5.63,5.5,5.96,5.04,4.43,4.42,6.91
yonder,1015.44,0.139,10,62,6,2,1.85,1,24,81,489,15,218,178,291,83,3472,38,20,25,656494,273978,3.27,3.13,2.91,2.97,2.85,3.04,3.54,2.82,2.65,2.9,3.01,2.83,2.86,3.63,3.91,1.6
zone,675.77,0.972,70,2,4,1,1.4,11,202,2553,20588,602,7602,1026,17300,4607,231376,1182,1081,2344,3717425,920266,4.05,4.04,4.4,4.6,4.43,4.58,4.3,4.59,4.47,4.64,4.49,4.54,4.82,4.38,4.43,4.49
